link_confidence,n,class,pett_class_pct,cen_class_pct,change_pp,ci95_pp,ratio,n_left_class,n_joined_class
high,3070,PERENNIAL,35.6,50.5,14.8,1.5,1.42,66,521
high,3070,ANNUAL,52.4,48.6,-3.8,1.7,0.93,397,281
high,3070,PASTURE_FALLOW,12.0,0.9,-11.0,1.2,0.08,358,19
medium,6037,PERENNIAL,18.1,33.4,15.3,1.1,1.84,83,1007
medium,6037,ANNUAL,61.3,65.4,4.1,1.3,1.07,650,895
medium,6037,PASTURE_FALLOW,20.5,1.2,-19.4,1.2,0.06,1213,44
low,1532,PERENNIAL,18.7,36.0,17.4,2.5,1.93,52,318
low,1532,ANNUAL,62.3,63.2,0.9,2.9,1.01,251,265
low,1532,PASTURE_FALLOW,19.1,0.8,-18.3,2.2,0.04,287,7
