dept,census_producers,census_named,bridge_parcels,bridge_named,matched,matched_pct_of_named,high,medium,low,keys_dropped_too_common
Ancash,175069,168745,370130,368323,52086,30.9,13538,36316,2232,36527
Arequipa,58392,57715,111785,111163,14730,25.5,4882,9026,822,8405
Ayacucho,119762,112881,113834,111094,20599,18.2,7311,12564,724,6499
Cajamarca,346779,339359,502369,461606,85238,25.1,21248,54590,9400,14071
Huancavelica,79050,74187,22891,16904,2242,3.0,534,1586,122,1719
Ica,32573,31814,47284,46859,10191,32.0,5433,4495,263,1676
La_Libertad,130181,126643,251247,237434,40660,32.1,12945,25720,1995,16877
Lambayeque,61229,58889,68107,67264,18408,31.3,8505,9068,835,11717
Lima,79190,77024,75540,72126,12413,16.1,6961,5185,267,4828
Moquegua,15039,14079,30291,30250,3519,25.0,870,2392,257,1458
Pasco,33012,32228,11884,11721,2522,7.8,1231,1170,121,129
Piura,145890,142337,158419,144428,38857,27.3,14523,21429,2905,4180
Tacna,22820,21872,23239,21006,3879,17.7,1543,2060,276,1782
Tumbes,8299,8134,10231,8746,2463,30.3,1512,903,48,0
