COD_PREDIO,cen_class,link_confidence,cen_area_ha,s2_label,dept,declared_class
7_5209385_58412,ANNUAL,low,0.8999999999999999,ANNUAL,PIURA,ANNUAL
7_5309395_62242,ANNUAL,medium,0.5,OTHER,PIURA,PASTURE_FALLOW
7_5309410_41668,ANNUAL,medium,2.16,NON_AGRICULTURE,PIURA,PASTURE_FALLOW
7_5359405_77105,ANNUAL,medium,0.15000000000000002,ANNUAL,PIURA,ANNUAL
7_5509455_23885,PERENNIAL,high,5.5,PERENNIAL,PIURA,PERENNIAL
7_5659455_20924,PERENNIAL,medium,12.0,PERENNIAL,PIURA,PERENNIAL
7_5709455_019512,PERENNIAL,high,2.24,WOODY_NON_CROP,PIURA,PERENNIAL
7_5759455_22013,PERENNIAL,high,12.0,OTHER,PIURA,PERENNIAL
7_5759470_030664,PERENNIAL,high,2.5,PERENNIAL,PIURA,PERENNIAL
7_5809455_22620,PERENNIAL,low,7.99,PERENNIAL,PIURA,PERENNIAL
7_5859435_87240,PERENNIAL,medium,1.0,PERENNIAL,PIURA,PERENNIAL
7_5859445_088968,PERENNIAL,medium,0.6,WOODY_NON_CROP,PIURA,PERENNIAL
7_5859455_22957,PERENNIAL,high,16.0,WOODY_NON_CROP,PIURA,PERENNIAL
7_5909435_55680,PERENNIAL,medium,2.2,WOODY_NON_CROP,PIURA,PERENNIAL
7_5909435_88215,PERENNIAL,low,0.95,OTHER,PIURA,PERENNIAL
7_5909435_88764,PERENNIAL,high,4.5,WOODY_NON_CROP,PIURA,PERENNIAL
7_5909435_88778,PERENNIAL,low,1.75,PERENNIAL,PIURA,PERENNIAL
7_6059420_60428,PERENNIAL,medium,5.2,WOODY_NON_CROP,PIURA,PERENNIAL
7_6059425_59280,PERENNIAL,medium,4.74,PERENNIAL,PIURA,PERENNIAL
