COD_PREDIO,cen_class,tenure,s2_class,s2_class_woody_perennial,weight,declared_class
7_5309395_62242,ANNUAL,INSCRITO,PASTURE_FALLOW,PASTURE_FALLOW,474.5,PASTURE_FALLOW
7_5359400_12696,ANNUAL,INSCRITO,ANNUAL,ANNUAL,1551.7777777777778,ANNUAL
7_5359405_77105,ANNUAL,INSCRITO,ANNUAL,ANNUAL,1551.7777777777778,ANNUAL
7_5459600_04108,ANNUAL,NO INSCRITO,,,16.8,PASTURE_FALLOW
7_5559580_030201,PERENNIAL,INSCRITO,PASTURE_FALLOW,PASTURE_FALLOW,,PASTURE_FALLOW
7_5559580_10274,PERENNIAL,INSCRITO,,PERENNIAL,16.8,PASTURE_FALLOW
7_5559600_04671,ANNUAL,INSCRITO,ANNUAL,ANNUAL,88.86666666666666,ANNUAL
7_5559600_05096,ANNUAL,INSCRITO,ANNUAL,ANNUAL,88.86666666666666,ANNUAL
7_5609455_20769,PERENNIAL,NO INSCRITO,PERENNIAL,PERENNIAL,78.8108108108108,PERENNIAL
7_5609585_09945,PERENNIAL,INSCRITO,PERENNIAL,PERENNIAL,74.35483870967742,PERENNIAL
7_5609585_10741,PERENNIAL,INSCRITO,,PERENNIAL,74.35483870967742,PERENNIAL
7_5609590_02729,ANNUAL,INSCRITO,PASTURE_FALLOW,PASTURE_FALLOW,74.35483870967742,PERENNIAL
7_5609600_07048,PERENNIAL,NO INSCRITO,PERENNIAL,PERENNIAL,74.35483870967742,PERENNIAL
7_5659585_03183,PERENNIAL,INSCRITO,,PERENNIAL,74.35483870967742,PERENNIAL
7_5659610_020057,PERENNIAL,NO INSCRITO,,,16.8,PASTURE_FALLOW
7_5709455_019512,PERENNIAL,NO INSCRITO,,PERENNIAL,78.8108108108108,PERENNIAL
7_5759455_22013,PERENNIAL,NO INSCRITO,PASTURE_FALLOW,PASTURE_FALLOW,78.8108108108108,PERENNIAL
7_5759470_030664,PERENNIAL,NO INSCRITO,PERENNIAL,PERENNIAL,78.8108108108108,PERENNIAL
7_5809615_00335,ANNUAL,INSCRITO,PASTURE_FALLOW,PASTURE_FALLOW,16.8,PASTURE_FALLOW
7_5859435_87240,PERENNIAL,NO INSCRITO,PERENNIAL,PERENNIAL,78.8108108108108,PERENNIAL
7_5859445_088968,PERENNIAL,NO INSCRITO,,PERENNIAL,78.8108108108108,PERENNIAL
7_5859445_22194,PERENNIAL,NO INSCRITO,PASTURE_FALLOW,PASTURE_FALLOW,78.8108108108108,PERENNIAL
7_5859455_22957,PERENNIAL,NO INSCRITO,,PERENNIAL,78.8108108108108,PERENNIAL
7_5859600_003101,PERENNIAL,INSCRITO,PERENNIAL,PERENNIAL,,PERENNIAL
7_5859605_01858,PERENNIAL,INSCRITO,,PERENNIAL,74.35483870967742,PERENNIAL
7_5909435_55680,PERENNIAL,NO INSCRITO,,PERENNIAL,78.8108108108108,PERENNIAL
7_5909435_88764,PERENNIAL,NO INSCRITO,,PERENNIAL,78.8108108108108,PERENNIAL
7_5909595_003006,PERENNIAL,INSCRITO,,PERENNIAL,74.35483870967742,PERENNIAL
7_6059420_60428,PERENNIAL,NO INSCRITO,,PERENNIAL,78.8108108108108,PERENNIAL
7_6159275_43988,ANNUAL,INSCRITO,PASTURE_FALLOW,PASTURE_FALLOW,668.2941176470588,ANNUAL
7_6209250_092174,ANNUAL,NO INSCRITO,ANNUAL,ANNUAL,668.2941176470588,ANNUAL
7_6209280_089714,ANNUAL,INSCRITO,PASTURE_FALLOW,PASTURE_FALLOW,,ANNUAL
7_6259235_08987,ANNUAL,INSCRITO,ANNUAL,ANNUAL,165.25,PASTURE_FALLOW
7_6409285_100135,ANNUAL,INSCRITO,ANNUAL,ANNUAL,14.515151515151516,PERENNIAL
7_6409310_63490,PERENNIAL,NO INSCRITO,PERENNIAL,PERENNIAL,14.515151515151516,PERENNIAL
7_6409345_73011,PERENNIAL,INSCRITO,,PERENNIAL,14.515151515151516,PERENNIAL
7_6409345_73034,PERENNIAL,NO INSCRITO,,PERENNIAL,,PERENNIAL
7_6509285_64364,ANNUAL,INSCRITO,ANNUAL,ANNUAL,14.515151515151516,PERENNIAL
7_6609235_19524,ANNUAL,NO INSCRITO,,,668.2941176470588,ANNUAL
7_6659260_093993,ANNUAL,INSCRITO,ANNUAL,ANNUAL,668.2941176470588,ANNUAL
7_6809310_096074,ANNUAL,INSCRITO,PASTURE_FALLOW,PASTURE_FALLOW,,ANNUAL
7_6959120_04999,PERENNIAL,NO INSCRITO,PASTURE_FALLOW,PASTURE_FALLOW,74.4,PERENNIAL
7_7009125_05166,PASTURE_FALLOW,NO INSCRITO,PASTURE_FALLOW,PASTURE_FALLOW,74.4,PERENNIAL
7_7059310_365402,PERENNIAL,NO INSCRITO,PASTURE_FALLOW,PASTURE_FALLOW,88.88372093023256,PERENNIAL
7_7109305_364110,ANNUAL,NO INSCRITO,PASTURE_FALLOW,PASTURE_FALLOW,1901.0,PASTURE_FALLOW
7_7159335_006410,PERENNIAL,INSCRITO,,PERENNIAL,88.88372093023256,PERENNIAL
7_7159410_010999,PERENNIAL,INSCRITO,,PERENNIAL,88.88372093023256,PERENNIAL
7_7159435_001691,PERENNIAL,INSCRITO,,PERENNIAL,88.88372093023256,PERENNIAL
7_7259255_504289,PERENNIAL,INSCRITO,,PERENNIAL,88.88372093023256,PERENNIAL
7_7309210_030780,PERENNIAL,INSCRITO,PASTURE_FALLOW,PASTURE_FALLOW,88.88372093023256,PERENNIAL
7_7359375_003646,PERENNIAL,INSCRITO,,PERENNIAL,88.88372093023256,PERENNIAL
7_7359425_011926,PERENNIAL,NO INSCRITO,,PERENNIAL,88.88372093023256,PERENNIAL
7_7459135_074566,ANNUAL,INSCRITO,PASTURE_FALLOW,PASTURE_FALLOW,1363.05,PASTURE_FALLOW
7_7509125_066133,ANNUAL,INSCRITO,PASTURE_FALLOW,PASTURE_FALLOW,1957.8,ANNUAL
7_7559300_28548,ANNUAL,INSCRITO,PASTURE_FALLOW,PASTURE_FALLOW,3024.809523809524,ANNUAL
7_7609005_06498,ANNUAL,NO INSCRITO,ANNUAL,ANNUAL,2244.9523809523807,ANNUAL
7_7709255_84719,ANNUAL,INSCRITO,PASTURE_FALLOW,PASTURE_FALLOW,88.88372093023256,PERENNIAL
7_7759110_037218,ANNUAL,INSCRITO,,PERENNIAL,1957.8,ANNUAL
7_7809145_081695,PERENNIAL,INSCRITO,,PERENNIAL,,PERENNIAL
7_7809150_079131,PERENNIAL,INSCRITO,PASTURE_FALLOW,PASTURE_FALLOW,74.4,PERENNIAL
7_7809160_03694,ANNUAL,NO INSCRITO,PASTURE_FALLOW,PASTURE_FALLOW,,ANNUAL
7_7809160_04029,PERENNIAL,NO INSCRITO,PASTURE_FALLOW,PASTURE_FALLOW,74.4,PERENNIAL
7_7959250_058842,ANNUAL,INSCRITO,PASTURE_FALLOW,PASTURE_FALLOW,88.88372093023256,PERENNIAL
7_8009245_054641,PERENNIAL,INSCRITO,PASTURE_FALLOW,PASTURE_FALLOW,88.88372093023256,PERENNIAL
7_8109190_46543,PERENNIAL,INSCRITO,PASTURE_FALLOW,PASTURE_FALLOW,3024.809523809524,ANNUAL
7_8159000_03514,ANNUAL,INSCRITO,PASTURE_FALLOW,PASTURE_FALLOW,2690.4285714285716,PASTURE_FALLOW
7_8159110_021438,ANNUAL,NO INSCRITO,PASTURE_FALLOW,PASTURE_FALLOW,1957.8,ANNUAL
7_8159235_020232,ANNUAL,INSCRITO,PASTURE_FALLOW,PASTURE_FALLOW,1901.0,PASTURE_FALLOW
7_8208940_08098,PERENNIAL,INSCRITO,PERENNIAL,PERENNIAL,81.97674418604652,PERENNIAL
7_8208945_08501,PERENNIAL,INSCRITO,,PERENNIAL,81.97674418604652,PERENNIAL
7_8209090_012226,ANNUAL,INSCRITO,PASTURE_FALLOW,PASTURE_FALLOW,1957.8,ANNUAL
7_8209210_06741,PERENNIAL,INSCRITO,PASTURE_FALLOW,PASTURE_FALLOW,,ANNUAL
8_1808940_174536,PERENNIAL,NO INSCRITO,PERENNIAL,PERENNIAL,,PERENNIAL
8_1859140_002755,ANNUAL,INSCRITO,PASTURE_FALLOW,PASTURE_FALLOW,,ANNUAL
8_1908810_02215,ANNUAL,NO INSCRITO,ANNUAL,ANNUAL,1002.1111111111111,ANNUAL
8_1958985_51354,ANNUAL,INSCRITO,PASTURE_FALLOW,PASTURE_FALLOW,,PASTURE_FALLOW
8_2008985_42362,PERENNIAL,INSCRITO,PERENNIAL,PERENNIAL,2244.9523809523807,ANNUAL
8_2058850_018153,PERENNIAL,INSCRITO,PASTURE_FALLOW,PASTURE_FALLOW,274.64864864864865,PERENNIAL
8_2208765_06541,PERENNIAL,NO INSCRITO,PASTURE_FALLOW,PASTURE_FALLOW,481.0,PASTURE_FALLOW
8_2208935_57750,ANNUAL,INSCRITO,PASTURE_FALLOW,PASTURE_FALLOW,2690.4285714285716,PASTURE_FALLOW
8_2208940_37594,ANNUAL,INSCRITO,PASTURE_FALLOW,PASTURE_FALLOW,2244.9523809523807,ANNUAL
8_2258945_13345,ANNUAL,INSCRITO,PASTURE_FALLOW,PASTURE_FALLOW,2244.9523809523807,ANNUAL
8_2459010_48299,ANNUAL,INSCRITO,PASTURE_FALLOW,PASTURE_FALLOW,,ANNUAL
8_2608825_023068,PERENNIAL,INSCRITO,,PERENNIAL,274.64864864864865,PERENNIAL
8_3508550_06478,PERENNIAL,NO INSCRITO,ANNUAL,ANNUAL,,PERENNIAL
8_3658655_052300,ANNUAL,NO INSCRITO,ANNUAL,ANNUAL,481.0,PASTURE_FALLOW
8_3708515_74666,PERENNIAL,INSCRITO,PASTURE_FALLOW,PASTURE_FALLOW,196.31428571428572,PERENNIAL
8_3758510_06549,PERENNIAL,INSCRITO,,,438.52941176470586,PASTURE_FALLOW
8_3858510_06007,PERENNIAL,INSCRITO,PERENNIAL,PERENNIAL,705.8888888888889,ANNUAL
8_3958480_03202,ANNUAL,INSCRITO,,,705.8888888888889,ANNUAL
8_4208430_08376,PERENNIAL,INSCRITO,PERENNIAL,PERENNIAL,,PERENNIAL
8_4308395_068622,ANNUAL,INSCRITO,PASTURE_FALLOW,PASTURE_FALLOW,,PASTURE_FALLOW
8_4358840_035178,ANNUAL,INSCRITO,PASTURE_FALLOW,PASTURE_FALLOW,41.59375,PERENNIAL
8_4358850_034973,PERENNIAL,INSCRITO,PASTURE_FALLOW,PASTURE_FALLOW,41.59375,PERENNIAL
8_4558825_30387,PERENNIAL,INSCRITO,,,25.764705882352942,ANNUAL
8_4658800_036103,PERENNIAL,INSCRITO,,PERENNIAL,41.59375,PERENNIAL
8_4908615_009159,ANNUAL,INSCRITO,PASTURE_FALLOW,PASTURE_FALLOW,255.8125,ANNUAL
8_4908630_001800,ANNUAL,NO INSCRITO,PASTURE_FALLOW,PASTURE_FALLOW,8.5,PERENNIAL
8_4908895_034438,PERENNIAL,INSCRITO,,PERENNIAL,41.59375,PERENNIAL
8_4908895_31844,PERENNIAL,INSCRITO,,PERENNIAL,41.59375,PERENNIAL
8_4908900_034050,PERENNIAL,INSCRITO,,PERENNIAL,41.59375,PERENNIAL
8_4908905_034333,PERENNIAL,NO INSCRITO,,PERENNIAL,25.764705882352942,ANNUAL
8_4958625_003266,ANNUAL,INSCRITO,PASTURE_FALLOW,PASTURE_FALLOW,8.5,PERENNIAL
8_4958890_31563,PASTURE_FALLOW,INSCRITO,,PERENNIAL,25.764705882352942,ANNUAL
8_5008355_00449,PERENNIAL,INSCRITO,PERENNIAL,PERENNIAL,196.31428571428572,PERENNIAL
8_5008615_000078,PASTURE_FALLOW,NO INSCRITO,PERENNIAL,PERENNIAL,8.5,PERENNIAL
8_5308285_00663,PERENNIAL,NO INSCRITO,PERENNIAL,PERENNIAL,71.1842105263158,PERENNIAL
8_5408290_00811,PERENNIAL,NO INSCRITO,PERENNIAL,PERENNIAL,71.1842105263158,PERENNIAL
8_5408295_01082,PERENNIAL,NO INSCRITO,PERENNIAL,PERENNIAL,71.1842105263158,PERENNIAL
8_5658250_01040,PERENNIAL,NO INSCRITO,PASTURE_FALLOW,PASTURE_FALLOW,71.1842105263158,PERENNIAL
8_5658580_003444,PERENNIAL,INSCRITO,,PERENNIAL,8.5,PERENNIAL
8_5758570_16036,PERENNIAL,INSCRITO,,PERENNIAL,248.375,PERENNIAL
8_5808585_002649,ANNUAL,NO INSCRITO,,,1416.1,ANNUAL
8_5858560_17239,ANNUAL,INSCRITO,PASTURE_FALLOW,PASTURE_FALLOW,1416.1,ANNUAL
8_5908375_116757,ANNUAL,INSCRITO,PASTURE_FALLOW,PASTURE_FALLOW,1416.1,ANNUAL
8_6158615_217625,PERENNIAL,NO INSCRITO,,PERENNIAL,248.375,PERENNIAL
8_6208600_211432,PERENNIAL,NO INSCRITO,,PERENNIAL,,PERENNIAL
8_6208605_225294,PERENNIAL,NO INSCRITO,,PERENNIAL,248.375,PERENNIAL
8_6208615_217684,PERENNIAL,INSCRITO,,PERENNIAL,248.375,PERENNIAL
8_6258595_211159,PERENNIAL,NO INSCRITO,,PERENNIAL,248.375,PERENNIAL
8_6258605_225908,PERENNIAL,NO INSCRITO,,PERENNIAL,248.375,PERENNIAL
8_6258610_210434,PERENNIAL,NO INSCRITO,,PERENNIAL,248.375,PERENNIAL
8_6308330_12446,ANNUAL,INSCRITO,PASTURE_FALLOW,PASTURE_FALLOW,1606.157894736842,PASTURE_FALLOW
8_6308595_112257,ANNUAL,NO INSCRITO,,PERENNIAL,248.375,PERENNIAL
8_6308595_131559,PERENNIAL,NO INSCRITO,,PERENNIAL,248.375,PERENNIAL
8_6308600_126071,PERENNIAL,INSCRITO,PASTURE_FALLOW,PASTURE_FALLOW,248.375,PERENNIAL
8_6358595_111347,ANNUAL,INSCRITO,,PERENNIAL,248.375,PERENNIAL
8_6358595_111359,PERENNIAL,INSCRITO,,PERENNIAL,248.375,PERENNIAL
8_6358595_113272,PERENNIAL,INSCRITO,,PERENNIAL,248.375,PERENNIAL
8_6408590_111276,PERENNIAL,INSCRITO,,PERENNIAL,248.375,PERENNIAL
8_6408595_111558,PERENNIAL,INSCRITO,PASTURE_FALLOW,PASTURE_FALLOW,,PERENNIAL
8_6708255_00149,PERENNIAL,INSCRITO,ANNUAL,ANNUAL,71.1842105263158,PERENNIAL
8_6758310_18581,ANNUAL,INSCRITO,PASTURE_FALLOW,PASTURE_FALLOW,1606.157894736842,PASTURE_FALLOW
8_6908300_45496,PERENNIAL,INSCRITO,PASTURE_FALLOW,PASTURE_FALLOW,1184.421052631579,PASTURE_FALLOW
8_7658225_08474,PERENNIAL,INSCRITO,ANNUAL,ANNUAL,,PERENNIAL
8_8358170_00883,PERENNIAL,INSCRITO,PERENNIAL,PERENNIAL,71.1842105263158,PERENNIAL
9_2858090_00898,PERENNIAL,INSCRITO,ANNUAL,ANNUAL,100.4375,ANNUAL
9_2858155_04644,PASTURE_FALLOW,INSCRITO,PASTURE_FALLOW,PASTURE_FALLOW,420.125,PASTURE_FALLOW
9_2958110_002534,PERENNIAL,NO INSCRITO,,PERENNIAL,420.125,PASTURE_FALLOW
9_3008105_00236,PERENNIAL,INSCRITO,,PERENNIAL,64.06060606060606,PERENNIAL
9_3008105_01847,PERENNIAL,INSCRITO,PASTURE_FALLOW,PASTURE_FALLOW,64.06060606060606,PERENNIAL
9_3008110_01298,PERENNIAL,INSCRITO,,PERENNIAL,64.06060606060606,PERENNIAL
9_3008180_00465,ANNUAL,INSCRITO,PASTURE_FALLOW,PASTURE_FALLOW,100.4375,ANNUAL
9_3208135_02480,PERENNIAL,INSCRITO,PASTURE_FALLOW,PASTURE_FALLOW,100.4375,ANNUAL
9_3357985_07159,PERENNIAL,NO INSCRITO,PERENNIAL,PERENNIAL,30.625,PERENNIAL
9_3407985_06953,PERENNIAL,NO INSCRITO,PERENNIAL,PERENNIAL,30.625,PERENNIAL
9_3407990_06350,PERENNIAL,NO INSCRITO,PERENNIAL,PERENNIAL,30.625,PERENNIAL
9_3408035_05280,ANNUAL,NO INSCRITO,,PERENNIAL,284.46666666666664,PASTURE_FALLOW
9_3457975_07748,PERENNIAL,NO INSCRITO,PERENNIAL,PERENNIAL,30.625,PERENNIAL
9_3457990_06569,PERENNIAL,NO INSCRITO,PERENNIAL,PERENNIAL,30.625,PERENNIAL
9_3508085_26532,ANNUAL,NO INSCRITO,PASTURE_FALLOW,PASTURE_FALLOW,284.46666666666664,PASTURE_FALLOW
9_3508085_26950,PERENNIAL,NO INSCRITO,ANNUAL,ANNUAL,284.46666666666664,PASTURE_FALLOW
9_3557995_02331,PERENNIAL,NO INSCRITO,PERENNIAL,PERENNIAL,30.625,PERENNIAL
9_3558085_41159,PASTURE_FALLOW,INSCRITO,PASTURE_FALLOW,PASTURE_FALLOW,284.46666666666664,PASTURE_FALLOW
9_3608005_01883,PERENNIAL,NO INSCRITO,,,30.625,PERENNIAL
9_3658085_18165,PERENNIAL,INSCRITO,PASTURE_FALLOW,PASTURE_FALLOW,284.46666666666664,PASTURE_FALLOW
9_3658090_21869,PERENNIAL,INSCRITO,PASTURE_FALLOW,PASTURE_FALLOW,124.5,ANNUAL
