dept,n,before_pct,after_pct,change_pp,ci95_pp,tenure_diff_pp
ANCASH,8552,10.5,18.7,8.2,0.7,-1.0
AREQUIPA,4109,11.4,22.0,10.6,1.2,-3.8
AYACUCHO,7537,38.0,42.8,4.8,0.8,3.9
CAJAMARCA,13566,15.9,25.2,9.3,0.6,-1.0
HUANCAVELICA,581,6.9,6.4,-0.5,2.1,10.2
ICA,4067,38.7,47.8,9.0,1.5,-0.8
LAMBAYEQUE,3100,5.5,7.7,2.2,0.9,-1.9
LA_LIBERTAD,5507,10.9,14.1,3.3,0.6,-0.1
LIMA,5372,45.8,56.9,11.1,1.3,-1.1
MOQUEGUA,613,62.2,80.1,17.9,4.5,14.3
PASCO,997,79.5,93.8,14.2,2.8,4.6
PIURA,8182,27.9,39.5,11.6,0.9,-3.0
TACNA,503,44.5,70.4,25.8,5.0,18.0
TUMBES,1080,72.1,74.5,2.4,2.1,-0.5
