cohort,feature,label,n,median,p25,p75
"1998
(El Nino)",NDVI_p25,ANNUAL,13319,0.40386734902858734,0.332273431122303,0.4677464924752712
"1998
(El Nino)",NDVI_p25,PERENNIAL,61,0.4481132999062538,0.3938024789094925,0.4961709678173065
"1998
(El Nino)",NDVI_p25,_gap_sd,15408,0.4571222583022109,,
"1998
(El Nino)",NDVI_amp,ANNUAL,13319,0.3107548654079437,0.22786227613687515,0.40068839117884636
"1998
(El Nino)",NDVI_amp,PERENNIAL,61,0.2978372275829315,0.237807959318161,0.35165032744407654
"1998
(El Nino)",NDVI_amp,_gap_sd,15408,-0.10450831627959879,,
"1998
(El Nino)",BSI_max,ANNUAL,13319,0.03015849180519581,-0.040169037878513336,0.08332209289073944
"1998
(El Nino)",BSI_max,PERENNIAL,61,-0.041800130158662796,-0.08379640430212021,0.001755276694893837
"1998
(El Nino)",BSI_max,_gap_sd,15408,-0.9041863479900715,,
"1999+2000
(normal)",NDVI_p25,ANNUAL,5430,0.3630411811172962,0.29967050999403,0.428914962336421
"1999+2000
(normal)",NDVI_p25,PERENNIAL,420,0.5181886181235313,0.46172861009836197,0.5795062407851219
"1999+2000
(normal)",NDVI_p25,_gap_sd,8350,1.4683343190605962,,
"1999+2000
(normal)",NDVI_amp,ANNUAL,5430,0.3437710478901863,0.2456192448735237,0.45892300829291344
"1999+2000
(normal)",NDVI_amp,PERENNIAL,420,0.26088497042655945,0.21784783899784088,0.32281363010406494
"1999+2000
(normal)",NDVI_amp,_gap_sd,8350,-0.6015965383904562,,
"1999+2000
(normal)",BSI_max,ANNUAL,5430,0.0661991722881794,0.02368547348305583,0.10065148025751114
"1999+2000
(normal)",BSI_max,PERENNIAL,420,0.01682224404066801,-0.05295218527317047,0.0770541038364172
"1999+2000
(normal)",BSI_max,_gap_sd,8350,-0.7568027955172637,,
