COD_PREDIO,dept,lon,lat,res,year,date,desc
7_8159100_013550,LA_LIBERTAD,-78.12900962501088,-8.127028578098868,1.2m,2023,2023-05-15,WV02
7_7709115_039212,LA_LIBERTAD,-78.52186536464885,-7.958438320984942,1.2m,2024,2024-08-02,WV03
7_7609100_022880,LA_LIBERTAD,-78.62371540717663,-8.098228327927806,1.2m,2021,2021-08-01,WV02
7_7759120_038123,LA_LIBERTAD,-78.49177289082051,-7.947259326813051,1.2m,2025,2025-07-09,LG02
7_7509130_066823,LA_LIBERTAD,-78.70122694759793,-7.864391011857021,1.2m,2020,2020-06-17,WV02
7_7559120_064316,LA_LIBERTAD,-78.6601676244022,-7.933793356139911,1.2m,2020,2020-07-06,WV02
7_8409125_04385,LA_LIBERTAD,-77.87999332802814,-7.8625705010267435,1.2m,2018,2018-06-07,GE01
7_8409125_04271,LA_LIBERTAD,-77.87817736059843,-7.873095634659134,1.2m,2018,2018-06-07,GE01
7_7609125_060400,LA_LIBERTAD,-78.63808606723101,-7.8906896645798685,1.2m,2020,2020-06-17,WV02
7_7759110_016372,LA_LIBERTAD,-78.4722465381546,-8.034452637089288,1.2m,2025,2025-07-21,LG04
7_6659185_13419,LA_LIBERTAD,-79.47629042145284,-7.352083934248648,1.2m,2025,2025-01-23,LG01
7_7509120_13404,LA_LIBERTAD,-78.70430576654452,-7.916280938141062,1.2m,2020,2020-07-06,WV02
7_8159110_018438,LA_LIBERTAD,-78.11126992015984,-8.040749939032432,1.2m,2017,2017-06-23,WV02
7_8159085_011687,LA_LIBERTAD,-78.10778131005925,-8.224473266188943,1.2m,2022,2022-10-31,WV03
7_7809135_44801,LA_LIBERTAD,-78.44220818632058,-7.7967450556195095,1.2m,2025,2025-07-09,WV03
7_7659115_034724,LA_LIBERTAD,-78.56925585678603,-7.975801683093656,1.2m,2024,2024-08-02,WV03
7_7659155_074771,LA_LIBERTAD,-78.56838592272011,-7.615745208422298,1.2m,2024,2024-08-02,WV03
7_7609100_023101,LA_LIBERTAD,-78.61938347902694,-8.117745376415762,1.2m,2021,2021-08-01,WV02
7_7809135_42116,LA_LIBERTAD,-78.42766860660126,-7.802505206144694,1.2m,2025,2025-07-09,WV03
7_8409125_04846,LA_LIBERTAD,-77.89750456432886,-7.865830046353562,1.2m,2014,2014-11-22,WV03
7_8209100_019219,LA_LIBERTAD,-78.09156166046196,-8.105008011876446,1.2m,2022,2022-10-31,WV03
7_7659120_034114,LA_LIBERTAD,-78.59732939913896,-7.948903288900933,1.2m,2024,2024-08-02,WV03
7_7659105_031714,LA_LIBERTAD,-78.58735195698206,-8.08495744309934,1.2m,2019,2019-11-18,WV02
7_7709115_038938,LA_LIBERTAD,-78.53023650141427,-7.971444366163505,1.2m,2024,2024-08-02,WV03
7_7509125_064932,LA_LIBERTAD,-78.69086974413263,-7.886356782936493,1.2m,2020,2020-06-17,WV02
7_8109085_010771,LA_LIBERTAD,-78.1748270400156,-8.233154583292812,1.2m,2023,2023-05-15,WV02
7_8109085_010787,LA_LIBERTAD,-78.16531306953763,-8.2328118711216,1.2m,2023,2023-05-15,WV02
7_8159110_018395,LA_LIBERTAD,-78.12245858018875,-8.041812420996338,1.2m,2023,2023-05-15,WV02
7_7609115_032620,LA_LIBERTAD,-78.60016198878003,-7.9764983768501025,1.2m,2024,2024-08-02,WV03
7_7659140_25116,LA_LIBERTAD,-78.55740494068863,-7.757388651016265,1.2m,2024,2024-08-02,WV03
7_7509125_065950,LA_LIBERTAD,-78.71496278974804,-7.88674198543065,1.2m,2020,2020-06-17,WV02
7_7859135_41085,LA_LIBERTAD,-78.4139470324679,-7.800916577766506,1.2m,2025,2025-07-09,WV03
7_7709115_044271,LA_LIBERTAD,-78.5159438494736,-7.97337803939403,1.2m,2024,2024-08-02,WV03
7_8159105_015063,LA_LIBERTAD,-78.12941926548841,-8.082859698096042,1.2m,2023,2023-05-15,WV02
7_7609105_030300,LA_LIBERTAD,-78.64191644721306,-8.060148664716037,1.2m,2019,2019-11-18,WV02
7_8159100_019283,LA_LIBERTAD,-78.09600958333974,-8.10151458130626,1.2m,2022,2022-10-31,WV03
7_7609010_12710,LA_LIBERTAD,-78.63440966643975,-8.930501925692809,1.2m,2021,2021-05-03,WV02
7_7559105_031470,LA_LIBERTAD,-78.66706584431026,-8.069567434619614,1.2m,2020,2020-07-06,WV02
7_7609100_023110,LA_LIBERTAD,-78.61786116358034,-8.115679590348378,1.2m,2024,2024-05-11,WV03
8_1959140_010103,LA_LIBERTAD,-77.76327344098466,-7.76586930788911,1.2m,2020,2020-10-09,WV02
7_8159105_015114,LA_LIBERTAD,-78.12321552902192,-8.077892529002776,1.2m,2023,2023-05-15,WV02
7_7709115_044149,LA_LIBERTAD,-78.510492094285,-7.972008549108112,1.2m,2024,2024-08-02,WV03
7_8159100_012966,LA_LIBERTAD,-78.11418177448067,-8.12831190327322,1.2m,2022,2022-10-31,WV03
7_7609105_030196,LA_LIBERTAD,-78.63648819487685,-8.059609798280094,1.2m,2019,2019-11-18,WV02
7_7809155_02435,LA_LIBERTAD,-78.41936306916654,-7.63626630456657,1.2m,2025,2025-07-09,WV03
7_7659100_023430,LA_LIBERTAD,-78.59381926176938,-8.111245542907096,1.2m,2024,2024-05-11,WV03
7_8409125_04308,LA_LIBERTAD,-77.8811894984719,-7.8699659883453235,1.2m,2018,2018-06-07,GE01
7_7509125_064978,LA_LIBERTAD,-78.69210137016255,-7.886561838184208,1.2m,2020,2020-06-17,WV02
7_8159085_011732,LA_LIBERTAD,-78.10130709638204,-8.239485480288488,1.2m,2022,2022-10-31,WV03
7_7709115_044087,LA_LIBERTAD,-78.51504552120964,-7.960322483440806,1.2m,2024,2024-08-02,WV03
7_7759115_037304,LA_LIBERTAD,-78.47657753522664,-8.001636872327854,1.2m,2025,2025-07-09,WV03
7_8059095_000291,LA_LIBERTAD,-78.22864891433085,-8.156952763568551,1.2m,2023,2023-05-15,WV02
7_8159105_018364,LA_LIBERTAD,-78.12364456929706,-8.044932050146421,1.2m,2023,2023-05-15,WV02
7_8209100_018664,LA_LIBERTAD,-78.09616565460841,-8.08745850226852,1.2m,2022,2022-10-31,WV03
7_7709150_075973,LA_LIBERTAD,-78.51347600602793,-7.647018825687391,1.2m,2025,2025-07-09,WV03
7_7609100_023383,LA_LIBERTAD,-78.60252879485357,-8.118133812339005,1.2m,2024,2024-05-11,WV03
7_7709120_047160,LA_LIBERTAD,-78.5121451558568,-7.948432231917247,1.2m,2024,2024-08-02,WV03
7_7809100_009390,LA_LIBERTAD,-78.4568361124226,-8.120939603670955,1.2m,2025,2025-07-21,LG04
7_7759100_009690,LA_LIBERTAD,-78.46344503809695,-8.108918233682765,1.2m,2025,2025-07-21,LG04
7_7709115_039119,LA_LIBERTAD,-78.52561344968584,-7.959445303087475,1.2m,2024,2024-08-02,WV03
7_8109225_023438,CAJAMARCA,-78.15989762363657,-6.99943546187873,1.2m,2025,2025-07-16,LG02
7_7909195_28514,CAJAMARCA,-78.36933420830448,-7.263824226494906,1.2m,2025,2025-07-09,WV03
7_7809255_68521,CAJAMARCA,-78.43903786811704,-6.724940360084919,1.2m,2018,2018-09-05,GE01
7_7359305_09133,CAJAMARCA,-78.83759507429515,-6.26674336405469,1.2m,2011,2011-10-15,WV02
7_7509305_15885,CAJAMARCA,-78.73005268003368,-6.251980271641322,1.2m,2023,2023-01-03,GE01
7_7609260_58041,CAJAMARCA,-78.64026190915982,-6.678993339898092,1.2m,2025,2025-07-16,WV03
7_7109325_368919,CAJAMARCA,-79.08159413334087,-6.077096806743276,1.2m,2019,2019-11-17,GE01
7_7509305_27295,CAJAMARCA,-78.70828047706671,-6.248512857824748,1.2m,2023,2023-01-03,GE01
7_7309260_505747,CAJAMARCA,-78.89512734998588,-6.686963492694344,1.2m,2025,2025-07-15,LG02
7_7759260_82099,CAJAMARCA,-78.51282591986755,-6.653223748003545,1.2m,2025,2025-07-04,WV03
7_7909195_28870,CAJAMARCA,-78.37288565637648,-7.249082418299513,1.2m,2025,2025-07-09,WV03
7_7759260_96517,CAJAMARCA,-78.51485374469796,-6.660427582173341,1.2m,2025,2025-07-04,WV03
7_7909255_058076,CAJAMARCA,-78.34314676841734,-6.713865861975884,1.2m,2022,2022-12-05,WV02
7_7759255_94090,CAJAMARCA,-78.51293682694775,-6.7005075050709095,1.2m,2025,2025-07-04,WV03
7_8109165_100116,CAJAMARCA,-78.16356736866437,-7.529031651991806,1.2m,2025,2025-07-09,WV03
7_7159220_014644,CAJAMARCA,-79.02162338358929,-7.043387595217757,1.2m,2025,2025-08-19,LG04
7_7359225_031167,CAJAMARCA,-78.83622802044039,-6.974613682386107,1.2m,2023,2023-03-16,WV02
7_8059195_44178,CAJAMARCA,-78.23394289561969,-7.273356550897358,1.2m,2025,2025-07-09,WV03
7_7359290_23299,CAJAMARCA,-78.87056922389161,-6.396816744707524,1.2m,2017,2017-08-11,GE01
7_7709260_96506,CAJAMARCA,-78.51572317518045,-6.659653923451092,1.2m,2025,2025-07-04,WV03
7_7209245_510136,CAJAMARCA,-78.97582111483308,-6.8061562438135965,1.2m,2025,2025-06-23,LG04
7_7759280_117462,CAJAMARCA,-78.5094025480519,-6.494653989145774,1.2m,2025,2025-07-04,WV03
7_7859205_70150,CAJAMARCA,-78.3892144404587,-7.1666616682677695,1.2m,2019,2019-11-18,WV02
7_7759200_77785,CAJAMARCA,-78.47193473984117,-7.205198352583861,1.2m,2025,2025-06-24,LG01
7_7909195_35004,CAJAMARCA,-78.37261461941526,-7.23857167460903,1.2m,2025,2025-07-09,WV03
7_7709255_84562,CAJAMARCA,-78.52628726032785,-6.72687375189675,1.2m,2025,2025-07-04,WV03
7_7909255_058135,CAJAMARCA,-78.3374910083395,-6.719014287223404,1.2m,2022,2022-12-05,WV02
7_7259255_504018,CAJAMARCA,-78.9298248281957,-6.702732463028898,1.2m,2025,2025-06-23,LG04
7_7709290_256791,CAJAMARCA,-78.54999785171951,-6.375706184942773,1.2m,2025,2025-07-04,WV03
7_7309290_74726,CAJAMARCA,-78.88061241293572,-6.382182045881749,1.2m,2024,2024-06-18,WV03
7_7859205_72096,CAJAMARCA,-78.38415035717645,-7.168680926159186,1.2m,2019,2019-11-18,WV02
7_7209215_015213,CAJAMARCA,-78.9903343983344,-7.074373095025964,1.2m,2025,2025-07-06,LG01
7_7809200_100330,CAJAMARCA,-78.46601852464703,-7.209236735288778,1.2m,2025,2025-06-24,LG01
7_8159225_024020,CAJAMARCA,-78.13717313259035,-6.987695998733212,1.2m,2025,2025-07-16,LG02
7_7359225_028139,CAJAMARCA,-78.84004534545332,-6.9935841556316705,1.2m,2025,2025-07-15,LG02
7_7309260_503994,CAJAMARCA,-78.90148179456706,-6.681265623410934,1.2m,2025,2025-07-15,LG02
7_7959160_04673,CAJAMARCA,-78.31792221115487,-7.570537778333596,1.2m,2025,2025-07-09,WV03
7_7159215_014195,CAJAMARCA,-79.02042338580921,-7.061753873253824,1.2m,2025,2025-08-19,LG04
7_7559295_37461,CAJAMARCA,-78.6885994361514,-6.334572280602763,1.2m,2025,2025-07-16,WV03
7_7759255_94171,CAJAMARCA,-78.51181875923056,-6.714134826053046,1.2m,2025,2025-07-04,WV03
7_7859205_72095,CAJAMARCA,-78.38310401022677,-7.169022730364657,1.2m,2019,2019-11-18,WV02
7_7609260_51796,CAJAMARCA,-78.62172539764018,-6.659746342824665,1.2m,2025,2025-07-16,WV03
7_7809255_67670,CAJAMARCA,-78.45791073048434,-6.7079919567160715,1.2m,2018,2018-09-05,GE01
7_7159315_367022,CAJAMARCA,-79.01299147456004,-6.190420556456677,1.2m,2025,2025-03-08,LG01
7_7259245_510355,CAJAMARCA,-78.9645756938578,-6.7929290061974665,1.2m,2025,2025-06-23,LG04
7_7759205_80630,CAJAMARCA,-78.4775396239325,-7.187485497323009,1.2m,2025,2025-06-24,LG01
7_8009190_14999,CAJAMARCA,-78.25577135241411,-7.286761494754287,1.2m,2025,2025-07-09,WV03
7_7359220_026259,CAJAMARCA,-78.84914339388551,-7.026184079469193,1.2m,2025,2025-09-04,WV03
7_7709290_253482,CAJAMARCA,-78.55217014531382,-6.4074144418314765,1.2m,2025,2025-07-04,WV03
7_7359220_025313,CAJAMARCA,-78.86684381113638,-7.023386439269619,1.2m,2025,2025-09-04,WV03
7_7759255_94100,CAJAMARCA,-78.5111524397194,-6.702485638598808,1.2m,2025,2025-07-04,WV03
7_7959160_04740,CAJAMARCA,-78.32694871527035,-7.565823534854108,1.2m,2025,2025-07-09,WV03
7_7909205_45879,CAJAMARCA,-78.37084812834222,-7.160324876206428,1.2m,2019,2019-11-18,WV02
7_7759255_22031,CAJAMARCA,-78.49584625070817,-6.702505271555317,1.2m,2024,2024-08-02,WV03
7_7109425_001074,CAJAMARCA,-79.095776460678,-5.192483417648553,60cm,2011,2011-11-18,QB02
7_8109165_100145,CAJAMARCA,-78.1693815204034,-7.538149919699665,1.2m,2025,2025-07-09,WV03
7_8009165_02532,CAJAMARCA,-78.27271996003363,-7.530235242775632,1.2m,2025,2025-07-09,WV03
7_7209220_019592,CAJAMARCA,-78.97920518094259,-7.038616732177527,1.2m,2025,2025-07-06,LG01
7_8209170_102160,CAJAMARCA,-78.09117129553115,-7.482988972594869,1.2m,2025,2025-07-16,LG02
7_7859195_22462,CAJAMARCA,-78.38737234610575,-7.239086870892408,1.2m,2025,2025-07-09,WV03
7_5259410_080487,PIURA,-80.76961083279743,-5.311708385198962,30cm,2025,2025-09-12,LG05
7_6159490_000266,PIURA,-79.9581638682426,-4.613165521002041,60cm,2018,2018-10-25,WV02
7_5909440_51317,PIURA,-80.15817869116951,-5.068298462223867,1.2m,2025,2025-07-23,WV03
7_6659375_92070,PIURA,-79.51103571702102,-5.644110563708528,1.2m,2023,2023-08-27,GE01
7_5409405_44336,PIURA,-80.6190446736485,-5.351560221375532,30cm,2025,2025-09-12,LG05
7_6109485_000954,PIURA,-79.9905213587603,-4.63059288838922,60cm,2024,2024-07-26,WV03
7_6609390_80413,PIURA,-79.54099945225366,-5.497273830963103,60cm,2017,2017-11-18,WV03
7_6309410_90583,PIURA,-79.80536156613202,-5.303539980006437,60cm,2018,2018-09-17,WV02
7_5409445_018711,PIURA,-80.60679844188957,-5.011706740298716,1.2m,2025,2025-05-16,LG01
7_6009490_001598,PIURA,-80.0655206731958,-4.585510785062137,60cm,2025,2025-08-09,LG02
7_6009480_32647,PIURA,-80.09113409699289,-4.693701883320074,60cm,2024,2024-07-26,WV03
7_5709450_21957,PIURA,-80.35260223875227,-4.940493623663702,1.2m,2025,2025-07-11,LG04
7_6009425_67091,PIURA,-80.05781693031221,-5.20359186091244,60cm,2021,2021-04-14,WV02
7_5309400_51212,PIURA,-80.7169614937621,-5.414096997831217,1.2m,2025,2025-07-21,LG02
7_6359410_90668,PIURA,-79.7778522225242,-5.308971800225246,60cm,2018,2018-09-17,WV02
7_6609375_96242,PIURA,-79.55185949462914,-5.647825302869366,1.2m,2023,2023-01-02,WV03
7_5209410_43910,PIURA,-80.78155984300005,-5.317254504233608,1.2m,2025,2025-07-11,WV03
7_6509400_042892,PIURA,-79.64381194016693,-5.4150944681638995,60cm,2018,2018-06-10,GE01
7_6159490_000262,PIURA,-79.95766656166369,-4.6040945833515226,60cm,2018,2018-10-25,WV02
7_5359400_12609,PIURA,-80.67867156864746,-5.4201009165419745,1.2m,2025,2025-07-21,LG02
7_5709450_21809,PIURA,-80.34447901351734,-4.9410196477775035,1.2m,2025,2025-07-11,LG04
7_5309395_57781,PIURA,-80.71005246062298,-5.432804145438332,1.2m,2025,2025-07-21,LG02
7_5309420_47026,PIURA,-80.72428024891009,-5.247782009906159,30cm,2025,2025-12-11,WV02
7_6009480_32425,PIURA,-80.09605627696851,-4.693083338090704,60cm,2024,2024-07-26,WV03
7_6509400_042893,PIURA,-79.64471306774483,-5.4159133747314625,60cm,2018,2018-06-10,GE01
7_5959475_31563,PIURA,-80.1235493219282,-4.710974691254993,60cm,2024,2024-07-26,WV03
7_6509425_94449,PIURA,-79.62627882614257,-5.197679398891963,60cm,2017,2017-11-18,WV03
7_6459420_91083,PIURA,-79.65971675629807,-5.23643039576108,60cm,2018,2018-06-10,GE01
7_5209410_43980,PIURA,-80.78205203200466,-5.311450091538836,1.2m,2025,2025-07-11,WV03
7_5909440_079369,PIURA,-80.15662867813911,-5.058215485301492,1.2m,2025,2025-07-23,WV03
7_6309410_90443,PIURA,-79.82340557040641,-5.317494527135024,60cm,2018,2018-09-17,WV02
7_6009425_59043,PIURA,-80.05967309694498,-5.182843098823035,60cm,2021,2021-04-14,WV02
7_5709450_21888,PIURA,-80.34840439433066,-4.942617535298913,1.2m,2025,2025-07-11,LG04
7_6109485_001248,PIURA,-79.99662139163112,-4.633487775779661,60cm,2024,2024-07-26,WV03
7_6009480_32446,PIURA,-80.09806368170997,-4.697452121549241,60cm,2024,2024-07-26,WV03
7_5309395_62945,PIURA,-80.71697962254888,-5.440676961000097,1.2m,2025,2025-07-21,LG02
7_6009490_001684,PIURA,-80.05952329395326,-4.60399188807522,60cm,2025,2025-08-09,LG02
7_5309400_51003,PIURA,-80.71760217129815,-5.416983490407495,1.2m,2025,2025-07-21,LG02
7_5959480_31443,PIURA,-80.11107729883489,-4.7058571872233985,60cm,2024,2024-07-26,WV03
7_5109460_41487,PIURA,-80.88358435237053,-4.849802509499281,1.2m,2024,2024-03-15,WV03
7_6109485_001645,PIURA,-79.9913497647336,-4.623860402677138,60cm,2024,2024-07-26,WV03
7_6609390_81805,PIURA,-79.52500006963497,-5.487925041600156,60cm,2017,2017-11-18,WV03
7_6059490_001582,PIURA,-80.05543178738695,-4.6049089361719755,60cm,2025,2025-08-09,LG02
7_5309400_07554,PIURA,-80.69533890159192,-5.407850464953422,1.2m,2025,2025-07-21,LG02
7_5209410_36234,PIURA,-80.78276553955904,-5.3338602844591145,1.2m,2025,2025-07-11,WV03
7_5259410_45349,PIURA,-80.77107618137674,-5.327007925101827,30cm,2025,2025-09-12,LG05
7_5309420_15207,PIURA,-80.72357720308659,-5.24440063737889,30cm,2025,2025-12-11,WV02
7_6609395_82147,PIURA,-79.5290135771442,-5.462909038731665,60cm,2017,2017-11-18,WV03
7_5709450_21906,PIURA,-80.35160552910712,-4.943625182762169,1.2m,2025,2025-07-11,LG04
7_5259410_45085,PIURA,-80.7718308229789,-5.33728324866828,1.2m,2025,2025-09-12,LG05
7_5609455_23742,PIURA,-80.42025378904802,-4.926717007258084,1.2m,2025,2025-03-07,LG01
7_5209410_48645,PIURA,-80.79795747842452,-5.339991561684385,1.2m,2025,2025-07-11,WV03
7_5559450_20563,PIURA,-80.47917967814007,-4.9418356720112255,1.2m,2025,2025-03-07,LG01
7_6109485_000985,PIURA,-79.99532971067165,-4.630555278610513,60cm,2024,2024-07-26,WV03
7_5259410_36681,PIURA,-80.76823387600572,-5.331813601716626,30cm,2025,2025-09-12,LG05
7_5709450_21940,PIURA,-80.34868898338443,-4.938349120290117,1.2m,2025,2025-07-11,LG04
7_6109420_63431,PIURA,-79.97151656716716,-5.229604631704832,60cm,2021,2021-04-14,WV02
7_6009480_31623,PIURA,-80.089308863699,-4.69825589375495,60cm,2025,2025-08-09,LG02
7_5709450_21914,PIURA,-80.35421391149382,-4.94401240508376,1.2m,2025,2025-07-11,LG04
7_5309415_77389,PIURA,-80.72711596069071,-5.265743786909267,30cm,2025,2025-12-11,WV02
7_6259270_091289,LAMBAYEQUE,-79.85386944864062,-6.5759350952764954,1.2m,2025,2025-03-14,LG01
7_6259275_091504,LAMBAYEQUE,-79.86099809304152,-6.540821807243815,1.2m,2025,2025-03-14,LG01
7_6409285_099839,LAMBAYEQUE,-79.71889147053808,-6.442185266477853,1.2m,2025,2025-05-08,WV03
7_6759305_105430,LAMBAYEQUE,-79.39601850022169,-6.269332771017648,1.2m,2023,2023-06-23,WV03
7_6259275_22816,LAMBAYEQUE,-79.87110909837209,-6.546421223629397,1.2m,2025,2025-03-14,LG01
7_6459350_089124,LAMBAYEQUE,-79.69024153214924,-5.857659308442227,1.2m,2025,2025-09-03,LG04
7_6759305_106098,LAMBAYEQUE,-79.3797021651268,-6.288434366384938,1.2m,2023,2023-06-23,WV03
7_6809310_096215,LAMBAYEQUE,-79.35745511544158,-6.221189096152497,1.2m,2021,2021-06-24,WV02
7_6559290_62457,LAMBAYEQUE,-79.562689829359,-6.412865387610378,1.2m,2025,2025-07-31,LG01
7_6259270_63257,LAMBAYEQUE,-79.83544826638698,-6.566626821893715,1.2m,2025,2025-03-14,LG01
7_6259235_79373,LAMBAYEQUE,-79.85865083406888,-6.878459315294851,1.2m,2025,2025-01-10,LG01
7_6259235_093249,LAMBAYEQUE,-79.85227174556418,-6.878798504130456,1.2m,2025,2025-01-10,LG01
7_6409285_099908,LAMBAYEQUE,-79.69990014722494,-6.445529310520748,1.2m,2025,2025-05-08,WV03
7_6809310_098138,LAMBAYEQUE,-79.37308407813323,-6.218879021310397,1.2m,2022,2022-08-11,WV03
7_6259290_103695,LAMBAYEQUE,-79.85016658265603,-6.391337820671131,1.2m,2025,2025-03-20,LG01
7_6359345_089312,LAMBAYEQUE,-79.74023713436654,-5.898260111421158,1.2m,2025,2025-09-03,LG04
7_6409285_099998,LAMBAYEQUE,-79.71251275309459,-6.442934501087857,1.2m,2025,2025-05-08,WV03
7_6259260_27757,LAMBAYEQUE,-79.84442721105948,-6.684718327092837,30cm,2025,2025-10-02,GE01
7_6809310_096605,LAMBAYEQUE,-79.36240696830271,-6.210741466948239,1.2m,2021,2021-06-24,WV02
7_6359335_71104,LAMBAYEQUE,-79.76362104062859,-6.006017100694286,1.2m,2025,2025-09-04,LG04
7_6259255_26481,LAMBAYEQUE,-79.86365645352325,-6.705084301569709,30cm,2025,2025-10-02,GE01
7_6859245_16911,LAMBAYEQUE,-79.30462575451803,-6.824268067169806,1.2m,2023,2023-08-24,WV02
7_6409285_099808,LAMBAYEQUE,-79.72793181390075,-6.4394679543120885,1.2m,2025,2025-05-08,WV03
7_6509285_64175,LAMBAYEQUE,-79.61260090215062,-6.426653881810367,1.2m,2025,2025-08-27,LG02
7_6209290_085863,LAMBAYEQUE,-79.89807982134577,-6.415911660162949,1.2m,2025,2025-02-02,WV03
7_6759305_106007,LAMBAYEQUE,-79.41333338278223,-6.286104570295721,1.2m,2023,2023-06-23,WV03
7_6259265_092291,LAMBAYEQUE,-79.83268929690972,-6.618696212866116,1.2m,2025,2025-03-14,LG01
7_6759305_105381,LAMBAYEQUE,-79.39065027439274,-6.274734444321205,1.2m,2023,2023-06-23,WV03
7_6809300_108644,LAMBAYEQUE,-79.35839525578164,-6.297376197444748,1.2m,2023,2023-06-23,WV03
7_6509285_64108,LAMBAYEQUE,-79.61986573043245,-6.4397225595485725,1.2m,2025,2025-08-27,LG02
7_6759305_105438,LAMBAYEQUE,-79.3999696692366,-6.2706775602336675,1.2m,2023,2023-06-23,WV03
7_6809310_096162,LAMBAYEQUE,-79.36581780916164,-6.209973699987922,1.2m,2021,2021-07-14,WV03
7_6559285_085659,LAMBAYEQUE,-79.59528578556582,-6.4269606747308226,1.2m,2025,2025-08-27,LG02
7_6209275_22976,LAMBAYEQUE,-79.8767601249828,-6.557574299217654,1.2m,2025,2025-03-14,LG01
7_6209240_093492,LAMBAYEQUE,-79.87934129381476,-6.868176074617804,1.2m,2025,2025-04-15,LG01
7_6409285_099829,LAMBAYEQUE,-79.72464535001818,-6.443452463986309,1.2m,2025,2025-05-08,WV03
7_6609235_17329,LAMBAYEQUE,-79.51026091147641,-6.886636648685069,1.2m,2025,2025-04-15,LG01
7_6759305_105941,LAMBAYEQUE,-79.37983463908279,-6.286805588389707,1.2m,2023,2023-06-23,WV03
7_6809300_104215,LAMBAYEQUE,-79.37331074156478,-6.295197895826464,1.2m,2023,2023-06-23,WV03
7_6359285_101379,LAMBAYEQUE,-79.74183791585959,-6.436896942829873,1.2m,2025,2025-05-08,WV03
7_6259290_70505,LAMBAYEQUE,-79.84803513581411,-6.398274566691743,1.2m,2025,2025-03-20,LG01
7_6559290_72177,LAMBAYEQUE,-79.59569335752138,-6.421705402494858,1.2m,2025,2025-08-27,LG02
7_6409285_101305,LAMBAYEQUE,-79.70506382554932,-6.437154291172472,1.2m,2025,2025-05-08,WV03
7_6759305_105830,LAMBAYEQUE,-79.38699641416952,-6.281756310810089,1.2m,2023,2023-06-23,WV03
7_6309255_25608,LAMBAYEQUE,-79.8241153495536,-6.727554118823622,30cm,2025,2025-10-02,GE01
7_6759305_104025,LAMBAYEQUE,-79.37847092509247,-6.280218935861958,1.2m,2023,2023-06-23,WV03
7_6809300_108604,LAMBAYEQUE,-79.36648982131358,-6.297518212702871,1.2m,2023,2023-06-23,WV03
7_6259255_109501,LAMBAYEQUE,-79.85933171123833,-6.707382971652876,30cm,2025,2025-10-02,GE01
7_6309265_25534,LAMBAYEQUE,-79.80376848819482,-6.616811562906429,1.2m,2025,2025-01-10,LG01
7_6259260_79503,LAMBAYEQUE,-79.85577326977929,-6.668779394170015,30cm,2024,2024-01-13,WV02
7_6409285_100037,LAMBAYEQUE,-79.71492435889888,-6.434921085092778,1.2m,2025,2025-05-08,WV03
7_6859240_16542,LAMBAYEQUE,-79.32069895255307,-6.854490363235433,1.2m,2023,2023-08-24,WV02
7_6759305_105427,LAMBAYEQUE,-79.39821650980838,-6.269441788356166,1.2m,2023,2023-06-23,WV03
7_6509285_64184,LAMBAYEQUE,-79.61639476578226,-6.43160771579848,1.2m,2025,2025-08-27,LG02
7_6259290_103572,LAMBAYEQUE,-79.83857111580129,-6.397088729454173,1.2m,2025,2025-03-20,LG01
7_6859245_108882,LAMBAYEQUE,-79.32280209210235,-6.821283210518471,1.2m,2023,2023-08-24,WV02
7_6259275_091502,LAMBAYEQUE,-79.86012523322545,-6.540681205012118,1.2m,2025,2025-03-14,LG01
7_6509290_101676,LAMBAYEQUE,-79.62836076662016,-6.424038593716371,1.2m,2025,2025-08-27,LG02
7_6559285_73571,LAMBAYEQUE,-79.59156450110203,-6.426073359099813,1.2m,2025,2025-08-27,LG02
7_6859240_16892,LAMBAYEQUE,-79.30368728775156,-6.8672367462008825,1.2m,2023,2023-04-14,WV03
