protocol,target,size_target,n_labels,macro_f1,macro_sd,perennial_f1,n_runs,pct_of_ceiling,pct_perennial
region,3class,500,555.7777777777778,0.3422468516715587,0.05571453277223005,0.2192826880757503,9,60.95024302612823,39.9107534296457
region,3class,1000,1110.6666666666667,0.3879038772030957,0.04887024359269926,0.2573055944222154,9,69.08123616282442,46.83114852872465
region,3class,2000,2093.222222222222,0.4543559989136566,0.03494721972090653,0.343442497180958,9,80.9155976714218,62.508577136358156
region,3class,4000,4048.0,0.4927839350119289,0.04248306476919282,0.42055859198645335,9,87.75917280656999,76.54416504458422
region,3class,8000,7991.333333333333,0.5291585801463146,0.014041463624029643,0.48840487981690095,9,94.23708034641082,88.89259295049519
region,3class,16000,15887.444444444445,0.5615184364807928,0.012225582706055654,0.5494325945570027,9,100.0,100.0
region,binary,500,555.7777777777778,0.5300419873200041,0.06886717969365286,0.1927029391277254,9,74.15084240375731,35.669227536022404
region,binary,1000,1110.6666666666667,0.5487740047778003,0.07847928785535536,0.2230761092135978,9,76.77137984729175,41.29128768563544
region,binary,2000,2093.222222222222,0.5850041109321475,0.06328280884308679,0.2895729943910798,9,81.83983283024473,53.59983128423747
region,binary,4000,4048.0,0.6383378348011113,0.07010919177953132,0.38925992534078585,9,89.30101637422958,72.05183745761519
region,binary,8000,7991.333333333333,0.6809905011685177,0.02076735364609656,0.4698728564024051,9,95.2679609136631,86.97325481325159
region,binary,16000,15887.444444444445,0.714815867409682,0.011252446504491769,0.5402498243986765,9,100.0,100.0
stratified,3class,500,498.0,0.5188085763982445,0.02056500383813284,0.5293207190610946,9,88.6832809649262,89.20181222810096
stratified,3class,1000,999.0,0.531122878998132,0.012619437097285552,0.5455202873992362,9,90.78824377208431,91.93178443783874
stratified,3class,2000,1998.0,0.5479973049569326,0.0074264572335351105,0.560854512027558,9,93.67269774317177,94.5159278063155
stratified,3class,4000,3999.0,0.5584048235213883,0.008403058562033038,0.5710500507834972,9,95.45172171268078,96.23409318492531
stratified,3class,8000,7998.0,0.5757831836529593,0.007737132406065299,0.5870530027611877,9,98.42231638742022,98.93093135128564
stratified,3class,16000,15999.0,0.585012835286767,0.009155973464285377,0.5933968221492526,9,100.0,100.0
stratified,binary,500,498.0,0.6933142225678219,0.016933761855077285,0.5220121339133595,9,94.67503852551447,88.9901659343812
stratified,binary,1000,999.0,0.7035358190879353,0.004215789059496221,0.5311746882883985,9,96.07084148589486,90.55215497878307
stratified,binary,2000,1998.0,0.7150432277236628,0.010658005337176271,0.5517860248923735,9,97.64222761999333,94.06587840656367
stratified,binary,4000,3999.0,0.7224090714647313,0.009905044997811769,0.5644564037988784,9,98.64806525790559,96.22586482850477
stratified,binary,8000,7998.0,0.7300152717225862,0.009404557011914078,0.5793694202679435,9,99.68672461178137,98.76816552219809
stratified,binary,16000,15999.0,0.732309416891314,0.010959724867162412,0.5865953034611446,9,100.0,100.0
