month,NDVI,SWIR1,n
2018-05-01,0.8200687,0.19365257,26
2018-07-01,0.6801413,0.21159999,1
2018-09-01,0.545028,0.24879998,4
2018-11-01,0.20245901,0.3505,3
2018-12-01,0.6926328,0.22285783,34
2019-01-01,0.68773663,0.2083,68
2019-02-01,0.7658005,0.19946714,42
2019-03-01,0.73487866,0.19389999,84
2019-04-01,0.7236966,0.20289999,58
2019-05-01,0.73514277,0.18605,157
2019-06-01,0.77935416,0.1849,239
2019-07-01,0.6691729,0.2129,263
2019-08-01,0.5517327,0.24919999,399
2019-09-01,0.5474977,0.25669998,368
2019-10-01,0.48681268,0.2705,217
2019-11-01,0.65138125,0.24014999,234
2019-12-01,0.34585014,0.2629,198
2020-01-01,0.49501798,0.24499999,219
2020-02-01,0.5828313,0.23942326,253
2020-03-01,0.6279889,0.21859999,337
2020-04-01,0.6564328,0.21726823,400
2020-05-01,0.6132201,0.2155934,506
2020-06-01,0.48220637,0.23286799,463
2020-07-01,0.41863346,0.25355,488
2020-08-01,0.4061591,0.26729998,590
2020-09-01,0.30290064,0.28923333,353
2020-10-01,0.32013482,0.3024,469
2020-11-01,0.27547997,0.310325,562
2020-12-01,0.29603344,0.28714383,296
2021-01-01,0.40460825,0.25634998,317
2021-02-01,0.45009103,0.25552538,375
2021-03-01,0.45576933,0.24515,368
2021-04-01,0.49312714,0.2332,471
2021-05-01,0.49064416,0.227875,496
2021-06-01,0.5021416,0.23205402,528
2021-07-01,0.42310694,0.2434,599
2021-08-01,0.3650499,0.25835454,485
2021-09-01,0.35570556,0.27504665,534
2021-10-01,0.3360631,0.27899998,491
2021-11-01,0.35730007,0.27228373,409
2021-12-01,0.37544066,0.2563206,456
2022-01-01,0.40681154,0.24283491,523
2022-02-01,0.43319944,0.239825,394
2022-03-01,0.50835,0.2259,501
2022-04-01,0.5662251,0.2216,681
2022-05-01,0.4636985,0.23359999,722
2022-06-01,0.43193865,0.22709998,722
2022-07-01,0.3676466,0.247825,778
2022-08-01,0.34049082,0.25579998,795
2022-09-01,0.318301,0.2678,877
2022-10-01,0.3148371,0.27820253,836
2022-11-01,0.31622177,0.2814,737
2022-12-01,0.33392462,0.2622,635
2023-01-01,0.39644432,0.24849999,673
2023-02-01,0.5384821,0.22764166,520
2023-03-01,0.6252319,0.2162,607
2023-04-01,0.6588783,0.19829999,814
2023-05-01,0.5430785,0.2085,799
2023-06-01,0.5141612,0.21534546,1109
2023-07-01,0.42323261,0.23429999,1062
2023-08-01,0.3813197,0.251725,1072
2023-09-01,0.36468047,0.2634,1108
2023-10-01,0.38066527,0.27175,1045
2023-11-01,0.3970894,0.2695,1019
2023-12-01,0.4131508,0.2518,840
2024-01-01,0.47772244,0.2383,891
2024-02-01,0.4945805,0.2305,998
2024-03-01,0.53757465,0.22729999,1534
2024-04-01,0.5439273,0.2164,1701
2024-05-01,0.49926275,0.2127,1750
2024-06-01,0.45475733,0.21855,1856
2024-07-01,0.40630585,0.22944999,2800
2024-08-01,0.36366093,0.25505,2793
2024-09-01,0.35628188,0.27699998,3444
2024-10-01,0.3506486,0.28254253,3488
2024-11-01,0.34378296,0.2816,2994
2024-12-01,0.36180088,0.2672,3138
2025-01-01,0.39602736,0.2545601,2974
2025-02-01,0.4347087,0.232925,2102
2025-03-01,0.5027573,0.22447412,3512
2025-04-01,0.56159914,0.21412499,4476
2025-05-01,0.58160853,0.2121,4209
2025-06-01,0.51590836,0.2179,2992
2025-07-01,0.48081392,0.22707084,4096
2025-08-01,0.40548664,0.2445,3661
2025-09-01,0.37919465,0.26734346,4029
2025-10-01,0.36391097,0.2729,3491
2025-11-01,0.37476063,0.27025,3528
2025-12-01,0.37795508,0.266075,4200
2026-01-01,0.35700896,0.2548,2523
2026-02-01,0.4390316,0.22787693,1488
2026-03-01,0.5345333,0.2201,2585
2026-04-01,0.5878392,0.2163,2471
2026-05-01,0.62083054,0.20933154,2620
2026-06-01,0.5214629,0.22202499,2100
2026-07-01,0.46742842,0.23047353,1284
2026-08-01,0.39701846,0.2295,311
