crop,category,n_records,group,source
ARROZ,crop,26422,ANNUAL,lexicon
DESCANSO,fallow,9867,PASTURE_FALLOW,category_default
MAIZ,crop,9009,ANNUAL,lexicon
PLATANO,crop,5087,PERENNIAL,lexicon
CAFE,crop,4395,PERENNIAL,lexicon
ALGODON,crop,4049,ANNUAL,lexicon
MANGO,crop,2459,PERENNIAL,lexicon
LIMON,crop,1889,PERENNIAL,lexicon
TRIGO,crop,1736,ANNUAL,lexicon
PASTO ELEFANTE,pasture,1515,PASTURE_FALLOW,category_default
FRIJOL,crop,1472,ANNUAL,lexicon
PASTO,pasture,1327,PASTURE_FALLOW,category_default
NARANJA,crop,1183,PERENNIAL,lexicon
CAÑA DE AZUCAR,crop,938,ANNUAL,cana_policy
MECANIZADO,land_prep,574,PASTURE_FALLOW,category_default
CACAO,crop,524,PERENNIAL,lexicon
ZARANDAJA,crop,459,ANNUAL,lexicon
YUCA,crop,432,ANNUAL,lexicon
GIRASOL,crop,376,ANNUAL,lexicon
ARVEJA,crop,357,ANNUAL,lexicon
GRADEO,land_prep,355,PASTURE_FALLOW,category_default
PAPA,crop,337,ANNUAL,lexicon
ARADO,land_prep,268,PASTURE_FALLOW,category_default
CAMOTE,crop,226,ANNUAL,lexicon
FRIJOL DE PALO,crop,214,ANNUAL,lexicon
NIVELACION,land_prep,198,PASTURE_FALLOW,category_default
GUABO,crop,173,PERENNIAL,lexicon
COCO,crop,140,PERENNIAL,lexicon
GRAMALOTE,pasture,139,PASTURE_FALLOW,category_default
GUAYAQUIL,crop,135,,woody_noncrop
PASTO NATURAL,pasture,132,PASTURE_FALLOW,category_default
PAJA CHILENA,pasture,130,PASTURE_FALLOW,category_default
FRUTALES,crop,124,PERENNIAL,lexicon
COBERTURA ARBOREA,crop,112,,woody_noncrop
PREPARACION,land_prep,106,PASTURE_FALLOW,category_default
DESHIERBO,land_prep,105,PASTURE_FALLOW,category_default
TAMARINDO,crop,104,PERENNIAL,lexicon
INVERNA,pasture,100,PASTURE_FALLOW,category_default
CIRUELA,crop,91,PERENNIAL,lexicon
ALGARROBO,crop,90,,woody_noncrop
FRIJOL CAUPI,crop,82,ANNUAL,lexicon
PALTA,crop,81,PERENNIAL,lexicon
BARBECHO,fallow,80,PASTURE_FALLOW,category_default
CEBADA,crop,75,ANNUAL,lexicon
NUDILLO,pasture,72,PASTURE_FALLOW,category_default
ALFALFA,pasture,69,PASTURE_FALLOW,category_default
TOMATE,crop,67,ANNUAL,lexicon
REFORESTACION,land_prep,62,,woody_noncrop
ROBLE,crop,60,,woody_noncrop
SIN ESPECIFICAR,unspecified,56,,category_default
OLLUCO,crop,53,ANNUAL,lexicon
OCA,crop,50,ANNUAL,lexicon
HABA,crop,45,ANNUAL,lexicon
GRANADILLA,crop,43,PERENNIAL,lexicon
FRIJOL CASTILLA,crop,43,ANNUAL,lexicon
MARACUYA,crop,42,PERENNIAL,lexicon
PARA SIEMBRA,land_prep,41,PASTURE_FALLOW,category_default
PAPAYA,crop,41,PERENNIAL,lexicon
GRAMA DULCE,pasture,39,PASTURE_FALLOW,category_default
MAMEY,crop,39,PERENNIAL,lexicon
MAIZ AMARILLO DURO,crop,38,ANNUAL,lexicon
AJO,crop,37,ANNUAL,lexicon
MARIGOLD,crop,37,ANNUAL,lexicon
GUANABANA,crop,36,PERENNIAL,lexicon
GRAMA,pasture,33,PASTURE_FALLOW,category_default
PAJA GATEADORA,pasture,32,PASTURE_FALLOW,category_default
TERRENO SALINO,fallow,29,PASTURE_FALLOW,category_default
MENESTRAS,crop,28,ANNUAL,lexicon
PAJA DE CORTE,pasture,27,PASTURE_FALLOW,category_default
TUNA,crop,27,PERENNIAL,lexicon
ZANAHORIA,crop,26,ANNUAL,lexicon
PARA ARROZ,crop,23,PASTURE_FALLOW,lexicon
ALGAODON,crop,23,ANNUAL,lexicon
SOYA,crop,23,ANNUAL,lexicon
REPOLLO,crop,23,ANNUAL,lexicon
PAN LLEVAR,crop,22,ANNUAL,lexicon
CHOCLO,crop,22,ANNUAL,lexicon
GRAMA GATEADORA,pasture,21,PASTURE_FALLOW,category_default
EUCALIPTO,crop,21,,woody_noncrop
AREA DE POTRERO,crop,19,PASTURE_FALLOW,lexicon
FAIQUE,crop,18,,woody_noncrop
HORTALIZAS,crop,17,ANNUAL,lexicon
PAJA GIGANTE,pasture,16,PASTURE_FALLOW,category_default
PAHUALQUE,crop,16,ANNUAL,crop_fallback
LIMPIEZA,land_prep,16,PASTURE_FALLOW,category_default
CEBOLLA,crop,15,ANNUAL,lexicon
ARRROZ,crop,15,ANNUAL,lexicon
PLATANAO,crop,15,PERENNIAL,lexicon
II CAMPAÑA AGRICOLA,crop,13,ANNUAL,lexicon
NATURAL,crop,13,PASTURE_FALLOW,lexicon
GRAMA AMARILLA,pasture,13,PASTURE_FALLOW,category_default
PAJA BLANCA,pasture,12,PASTURE_FALLOW,category_default
PASTO DE ELFANTE,pasture,12,PASTURE_FALLOW,category_default
AJI,crop,12,ANNUAL,lexicon
PASTO SUDAN,pasture,12,PASTURE_FALLOW,category_default
ZAPALLO,crop,11,ANNUAL,lexicon
ARROA,crop,11,ANNUAL,lexicon
MELON,crop,11,ANNUAL,lexicon
PREDIO EN LIMPIEZA,land_prep,9,PASTURE_FALLOW,category_default
MANI,crop,9,ANNUAL,lexicon
QUEMA,land_prep,9,PASTURE_FALLOW,category_default
RIEGO,crop,9,PASTURE_FALLOW,lexicon
POTRERO,crop,8,PASTURE_FALLOW,lexicon
RIEGO MACHACO,crop,8,PASTURE_FALLOW,lexicon
NODILLO,crop,8,ANNUAL,crop_fallback
RASTRA MECANIZADA,land_prep,8,PASTURE_FALLOW,category_default
PAJA INVERNA,pasture,8,PASTURE_FALLOW,category_default
AZUCAR,crop,8,ANNUAL,cana_policy
PAJA,pasture,8,PASTURE_FALLOW,category_default
ALAGODON,crop,8,ANNUAL,lexicon
CAÑA DEAZUCAR,crop,8,ANNUAL,cana_policy
TERRENO ENSALINADO,fallow,8,PASTURE_FALLOW,category_default
ESPARRAGO,crop,8,ANNUAL,lexicon
PAJA DE CERRO,pasture,8,PASTURE_FALLOW,category_default
FLORES,crop,8,ANNUAL,lexicon
ARBERJA,crop,7,ANNUAL,lexicon
PASTOELEFANTE,pasture,7,PASTURE_FALLOW,category_default
RIEGO DE MACHACO,crop,7,PASTURE_FALLOW,lexicon
LIMA,crop,7,PERENNIAL,lexicon
NAIZ,crop,7,ANNUAL,lexicon
ABANDONO,fallow,7,PASTURE_FALLOW,category_default
PASTO DE INVERNA,pasture,7,PASTURE_FALLOW,category_default
ARROZZ,crop,7,ANNUAL,lexicon
PLTANO,crop,6,PERENNIAL,lexicon
GRAMA DE INVERNA,pasture,6,PASTURE_FALLOW,category_default
DESCXANSO,crop,6,PASTURE_FALLOW,lexicon
END ESCANSO,crop,6,PASTURE_FALLOW,lexicon
PLATAO,crop,6,PERENNIAL,lexicon
MIAZ,crop,6,ANNUAL,lexicon
PREDIO EN LIMPIEZA PARA SIEMBRA DE FREJOL,land_prep,6,PASTURE_FALLOW,category_default
DERSCANSO,crop,6,PASTURE_FALLOW,lexicon
PREPARACION DE SUELO,land_prep,6,PASTURE_FALLOW,category_default
APICULTURA,crop,6,ANNUAL,crop_fallback
TUMBA,crop,6,PASTURE_FALLOW,lexicon
UVA,crop,6,PERENNIAL,lexicon
ARADO PARA SIEMBRA DE FREJOL,land_prep,5,PASTURE_FALLOW,category_default
PASTIZAL,crop,5,PASTURE_FALLOW,lexicon
DESCANDO,fallow,5,PASTURE_FALLOW,category_default
DESCANNSO,fallow,5,PASTURE_FALLOW,category_default
TERRENO EN LIMPIEZA,land_prep,5,PASTURE_FALLOW,category_default
CULANTRO,crop,5,ANNUAL,lexicon
ESPARRAGOS,crop,5,ANNUAL,lexicon
CHIRIMOYA,crop,5,PERENNIAL,lexicon
PLATNO,crop,5,PERENNIAL,lexicon
ARRIOZ,crop,5,ANNUAL,lexicon
GRAMINEAS,pasture,5,PASTURE_FALLOW,category_default
MACHACO,crop,5,PASTURE_FALLOW,lexicon
PASTO GIGANTE,pasture,5,PASTURE_FALLOW,category_default
DECANSO,crop,5,PASTURE_FALLOW,lexicon
TERRENO EN DECANSO,crop,5,PASTURE_FALLOW,lexicon
VERDURAS,crop,5,ANNUAL,lexicon
ZAPOTE,crop,5,PERENNIAL,lexicon
MAZI,crop,4,ANNUAL,lexicon
ROZO,land_prep,4,PASTURE_FALLOW,category_default
NARANJAO,crop,4,PERENNIAL,lexicon
PALTANO,crop,4,PERENNIAL,lexicon
FRIJOL POROTO,crop,4,ANNUAL,lexicon
SANDIA,crop,4,ANNUAL,lexicon
PREDIO EN LIMPIEZA PARA SIEMBRA,land_prep,4,PASTURE_FALLOW,category_default
EXISTENCIA DE ALGARROBOS,crop,4,,woody_noncrop
PALO DE OSO,crop,4,,woody_noncrop
DESXCANSO,crop,4,PASTURE_FALLOW,lexicon
DESANSO,crop,4,PASTURE_FALLOW,lexicon
CACA,crop,4,PERENNIAL,lexicon
TERRENO EN DESCASO,crop,4,PASTURE_FALLOW,lexicon
DESCCANSO,crop,4,PASTURE_FALLOW,lexicon
DESCASO,crop,4,PASTURE_FALLOW,lexicon
BANANO,crop,4,PERENNIAL,lexicon
PAJAS,pasture,4,PASTURE_FALLOW,category_default
PAJA CASTILLA,pasture,4,PASTURE_FALLOW,category_default
DESARROLLO APICOLA,crop,4,ANNUAL,crop_fallback
GRASS,crop,4,PASTURE_FALLOW,lexicon
GRAMA CHILENA,pasture,4,PASTURE_FALLOW,category_default
LECHUGA,crop,4,ANNUAL,lexicon
HUANABANA,crop,4,PERENNIAL,lexicon
PLANTANO,crop,4,PERENNIAL,lexicon
PIMIENTO,crop,4,ANNUAL,lexicon
SIN PLANTACION,crop,4,PASTURE_FALLOW,lexicon
ALMACIGO DE ARROZ,crop,4,ANNUAL,lexicon
LAGODON,crop,4,ANNUAL,lexicon
MAIZX,crop,4,ANNUAL,lexicon
MAIZ CHOCLO,crop,4,ANNUAL,lexicon
DESCUENTO,crop,3,PASTURE_FALLOW,lexicon
DESWCANSO,crop,3,PASTURE_FALLOW,lexicon
NARANAJA,crop,3,PERENNIAL,lexicon
NARANAJ,crop,3,PERENNIAL,lexicon
TERRENO EN PREPARACION,land_prep,3,PASTURE_FALLOW,category_default
ZONA ALTA,crop,3,PASTURE_FALLOW,lexicon
ENDESCANSO,fallow,3,PASTURE_FALLOW,lexicon
DESCANSPO,fallow,3,PASTURE_FALLOW,category_default
PARA SEMBRAR ARROZ,crop,3,PASTURE_FALLOW,lexicon
MANGO KENT,crop,3,PERENNIAL,lexicon
PASTO CHILENO,pasture,3,PASTURE_FALLOW,category_default
ALGODN,crop,3,ANNUAL,lexicon
ANGO,crop,3,ANNUAL,crop_fallback
PLATABNO,crop,3,PERENNIAL,lexicon
ERIAZO,fallow,3,PASTURE_FALLOW,category_default
NARANAJO,crop,3,PERENNIAL,lexicon
EXISTENCIA DE PASTOS,pasture,3,PASTURE_FALLOW,category_default
PASTOS CULTIVABLES,pasture,3,PASTURE_FALLOW,category_default
ARROZ EN TRANSPLANTE,crop,3,ANNUAL,lexicon
ARROIZ,crop,3,ANNUAL,lexicon
FRIJOL BAYO,crop,3,ANNUAL,lexicon
FRIJOL CANARIO,crop,3,ANNUAL,lexicon
NOGAL,crop,3,,woody_noncrop
TERRENOI EN DESCANSO,fallow,3,PASTURE_FALLOW,category_default
PASTP ELEFANTE,pasture,3,PASTURE_FALLOW,category_default
TRGO,crop,3,ANNUAL,lexicon
ARRIZ,crop,3,ANNUAL,lexicon
HUAYAQUIL,crop,3,ANNUAL,crop_fallback
TERRENO EN DECSNASO,crop,3,PASTURE_FALLOW,lexicon
ARRO,crop,3,ANNUAL,lexicon
PAJA CRIOLLA,pasture,3,PASTURE_FALLOW,category_default
BANANERO,crop,3,PERENNIAL,lexicon
RROZ,crop,3,ANNUAL,lexicon
CAÑA DE AZCAR,crop,3,ANNUAL,cana_policy
CAÑA BRAVA,crop,3,,woody_noncrop
SAMBUMBA,crop,3,ANNUAL,crop_fallback
TALLA,crop,3,,woody_noncrop
CAÑA DE GUAYAQUIL,crop,3,,woody_noncrop
TERRENO EN DESCANSON,fallow,3,PASTURE_FALLOW,category_default
TERRENO EN DEESCANSO,crop,2,ANNUAL,crop_fallback
PLATANOP,crop,2,ANNUAL,crop_fallback
GARNADILLA,crop,2,ANNUAL,crop_fallback
ARRACACHA,crop,2,ANNUAL,crop_fallback
GRADEO PARA ARROZ,land_prep,2,PASTURE_FALLOW,category_default
PLATANP,crop,2,ANNUAL,crop_fallback
PLATANO CAÑA DE AZUCAR,crop,2,ANNUAL,crop_fallback
AROOZ,crop,2,ANNUAL,crop_fallback
TERRENO EN DESCAMNSO,crop,2,ANNUAL,crop_fallback
CAÑA DE AUCAR,crop,2,ANNUAL,crop_fallback
CEFETO,crop,2,ANNUAL,crop_fallback
ALGODONDERO,crop,2,ANNUAL,crop_fallback
VEGETACION PRIMITIVA DEL LUGAR,crop,2,ANNUAL,crop_fallback
CEREZO,crop,2,ANNUAL,crop_fallback
FRIJOL DE PALO MAIZ,crop,2,ANNUAL,crop_fallback
TERRENOS EN DESCANSO,fallow,2,PASTURE_FALLOW,category_default
CFE,crop,2,ANNUAL,crop_fallback
LIMPIEZA PARA SIEMBRA,land_prep,2,PASTURE_FALLOW,category_default
MONGO,crop,2,ANNUAL,crop_fallback
PLATO,crop,2,ANNUAL,crop_fallback
PLATYANO,crop,2,ANNUAL,crop_fallback
ARROXZ,crop,2,ANNUAL,crop_fallback
CASUARINA,crop,2,ANNUAL,crop_fallback
TERENO EN DESCANSO,fallow,2,PASTURE_FALLOW,category_default
FREJOL BAYO,crop,2,ANNUAL,crop_fallback
FREJO DE PALO,crop,2,ANNUAL,crop_fallback
VCAFE,crop,2,ANNUAL,crop_fallback
GRANA GATEADORA,crop,2,ANNUAL,crop_fallback
ARBOL,crop,2,ANNUAL,crop_fallback
CAGE,crop,2,ANNUAL,crop_fallback
PASTOE ELEFANTE,pasture,2,PASTURE_FALLOW,category_default
PASTOE LEFANTE,pasture,2,PASTURE_FALLOW,category_default
PASTOEELEFANTE,pasture,2,PASTURE_FALLOW,category_default
PASTO NATURAL ELEFANTE,pasture,2,PASTURE_FALLOW,category_default
LUCUMA,crop,2,ANNUAL,crop_fallback
PASTOS CAÑA DE AZUCAR,pasture,2,PASTURE_FALLOW,category_default
SIN TIPO DE PLANTACION,crop,2,ANNUAL,crop_fallback
SIN INFORMACION,crop,2,ANNUAL,crop_fallback
MACANIZADO,crop,2,ANNUAL,crop_fallback
PASTO GUATEMALA,pasture,2,PASTURE_FALLOW,category_default
MAIIZ,crop,2,ANNUAL,crop_fallback
MAIOZ,crop,2,ANNUAL,crop_fallback
PATANO,crop,2,ANNUAL,crop_fallback
TERRENO EN DESCNASO,crop,2,ANNUAL,crop_fallback
PLATANIO,crop,2,ANNUAL,crop_fallback
SUDAN,crop,2,ANNUAL,crop_fallback
MAIZ FRIJOL DE PALO,crop,2,ANNUAL,crop_fallback
CAÑADE AZUCAR,crop,2,ANNUAL,crop_fallback
HORATLIZAS,crop,2,ANNUAL,crop_fallback
PASTO ELEFANTE P CHILENO,pasture,2,PASTURE_FALLOW,category_default
MANDARINA,crop,2,PERENNIAL,lexicon
PASTO ELEFAMTE,pasture,2,PASTURE_FALLOW,category_default
HABILITADO PARA CITRICOS,crop,2,ANNUAL,crop_fallback
TERRENO EN DESCAMSO,crop,2,ANNUAL,crop_fallback
ALLGODON,crop,2,ANNUAL,crop_fallback
UCA,crop,2,ANNUAL,crop_fallback
ARBERJAS,crop,2,ANNUAL,crop_fallback
PREDIO EN LIMPIEZA PARA LA SIEMBRA DE MAIZ,land_prep,2,PASTURE_FALLOW,category_default
FREJO,crop,2,ANNUAL,crop_fallback
MNAGO,crop,2,ANNUAL,crop_fallback
PSTO NATURAL,crop,2,ANNUAL,crop_fallback
DESXANSO,crop,2,ANNUAL,crop_fallback
NO LA CULTIVAN,crop,2,ANNUAL,crop_fallback
NO MECANIZADA,land_prep,2,PASTURE_FALLOW,category_default
PREPARADA,land_prep,2,PASTURE_FALLOW,category_default
ALAGAODON,crop,2,ANNUAL,crop_fallback
AJI PAPRIKA,crop,2,ANNUAL,crop_fallback
CAMPAÑA ANTERIOR CULTIVO DE ALGODON,crop,2,ANNUAL,crop_fallback
PRIMER RIEGO,crop,2,ANNUAL,crop_fallback
PALLAR,crop,2,ANNUAL,crop_fallback
PAJUL,crop,2,ANNUAL,crop_fallback
DRESCANSO,crop,2,ANNUAL,crop_fallback
DIAS,crop,2,ANNUAL,crop_fallback
PSTO,crop,2,ANNUAL,crop_fallback
CACACO,crop,2,ANNUAL,crop_fallback
PREPARACION DE SUELOS,land_prep,2,PASTURE_FALLOW,category_default
AIZ,crop,2,ANNUAL,crop_fallback
ASLGODON,crop,2,ANNUAL,crop_fallback
DESDCANSO,crop,2,ANNUAL,crop_fallback
AXRROZ,crop,2,ANNUAL,crop_fallback
OVERAL,crop,2,ANNUAL,crop_fallback
DESCANSXO,fallow,2,PASTURE_FALLOW,category_default
P ELEFANTE,pasture,2,PASTURE_FALLOW,category_default
QUEMA DE RASTROJOS,land_prep,2,PASTURE_FALLOW,category_default
DESCAANSO,crop,2,ANNUAL,crop_fallback
`PASTO,pasture,2,PASTURE_FALLOW,category_default
TERRENO DESOCUPADO,crop,2,ANNUAL,crop_fallback
PAJA CHILENA PASTO ELEFANTE,pasture,2,PASTURE_FALLOW,category_default
PREPARACION DEL SUELO,land_prep,2,PASTURE_FALLOW,category_default
LIMPIEZA PARA SIEMBRA DE FREJOL,land_prep,2,PASTURE_FALLOW,category_default
ARRPZ,crop,2,ANNUAL,crop_fallback
ARROZD,crop,2,ANNUAL,crop_fallback
ALGARROBINA,crop,2,ANNUAL,crop_fallback
ARROZX,crop,2,ANNUAL,crop_fallback
ARROZ´,crop,2,ANNUAL,crop_fallback
PAPA CHILENA,crop,1,ANNUAL,crop_fallback
PASTO FORRAJE,pasture,1,PASTURE_FALLOW,category_default
TRRIGO,crop,1,ANNUAL,crop_fallback
TUCA,crop,1,ANNUAL,crop_fallback
ZONA PANTANOSA,crop,1,ANNUAL,crop_fallback
PAJA GRANADILLA,pasture,1,PASTURE_FALLOW,category_default
PASTO FORRAJERO,pasture,1,PASTURE_FALLOW,category_default
YUYO,crop,1,ANNUAL,crop_fallback
TASTROJOS DE MAIZ,crop,1,ANNUAL,crop_fallback
PASTO ELEGFANTE,pasture,1,PASTURE_FALLOW,category_default
PASTO ELEFANTE S,pasture,1,PASTURE_FALLOW,category_default
ZONA BOSCOSA,crop,1,ANNUAL,crop_fallback
PAJA DURA,pasture,1,PASTURE_FALLOW,category_default
PASTO ELEFANYTE,pasture,1,PASTURE_FALLOW,category_default
PAJA GIGANTE PASTO ELEFANTE,pasture,1,PASTURE_FALLOW,category_default
SURCADO,crop,1,ANNUAL,crop_fallback
PASTO ELEFANTE|,pasture,1,PASTURE_FALLOW,category_default
PASTO ELEFANTEY PASTO NATURAL,pasture,1,PASTURE_FALLOW,category_default
PASTO ELEFENTE,pasture,1,PASTURE_FALLOW,category_default
YTRIGO,crop,1,ANNUAL,crop_fallback
PASTO GIGANTE PASTO ELEFANTE,pasture,1,PASTURE_FALLOW,category_default
PASTO NATERAL,pasture,1,PASTURE_FALLOW,category_default
PARA ALGODON,crop,1,ANNUAL,crop_fallback
´LATANO,crop,1,ANNUAL,crop_fallback
TROGO,crop,1,ANNUAL,crop_fallback
`PASTOS ELEFANTES,pasture,1,PASTURE_FALLOW,category_default
PASTO NORMAL,pasture,1,PASTURE_FALLOW,category_default
SORGO,crop,1,ANNUAL,crop_fallback
PAPYA,crop,1,ANNUAL,crop_fallback
PASTO NATURA,pasture,1,PASTURE_FALLOW,category_default
PASTO LEFANTE,pasture,1,PASTURE_FALLOW,category_default
PAJA DEL CERRO,pasture,1,PASTURE_FALLOW,category_default
PARA CULTIVO,crop,1,ANNUAL,crop_fallback
ZUDAN,crop,1,ANNUAL,crop_fallback
ZRROZ,crop,1,ANNUAL,crop_fallback
PAJA DE ELAFNET,pasture,1,PASTURE_FALLOW,category_default
SOSO,crop,1,ANNUAL,crop_fallback
PASTO LEEFANTE,pasture,1,PASTURE_FALLOW,category_default
PAJA DECORTE,pasture,1,PASTURE_FALLOW,category_default
PARA INSTALACION DE MAIZ,crop,1,ANNUAL,crop_fallback
PASTO ELEFANTE CAÑA DE AZUCAR,pasture,1,PASTURE_FALLOW,category_default
PARA INSTALAR MAIZ AMARILLO DURO,crop,1,ANNUAL,crop_fallback
TUMA,crop,1,ANNUAL,crop_fallback
ZANBUMBA,crop,1,ANNUAL,crop_fallback
TAMARIS,crop,1,ANNUAL,crop_fallback
PARA SEMBRAR MAIZ,crop,1,ANNUAL,crop_fallback
TAMARINDOY MANGO,crop,1,ANNUAL,crop_fallback
ZAMBUMBA,crop,1,ANNUAL,crop_fallback
TERRENO DE DESCANSO,fallow,1,PASTURE_FALLOW,category_default
PASTIS NATURALES,crop,1,ANNUAL,crop_fallback
PASTADO,crop,1,ANNUAL,crop_fallback
PAN LLEVAR FRIJOL,crop,1,ANNUAL,crop_fallback
ZANAORIA,crop,1,ANNUAL,crop_fallback
PAST NATURAL,crop,1,ANNUAL,crop_fallback
PALTP,crop,1,ANNUAL,crop_fallback
PARA SIMBRA,crop,1,ANNUAL,crop_fallback
TERRENIO EN DESCANSO,fallow,1,PASTURE_FALLOW,category_default
PAST ELEFANTE,pasture,1,PASTURE_FALLOW,category_default
PASRO ELEFANTE,pasture,1,PASTURE_FALLOW,category_default
PASNO NATURAL,crop,1,ANNUAL,crop_fallback
PARCIALMENTE CULTIVADO,crop,1,ANNUAL,crop_fallback
TERRENEO EN DESCANSO,fallow,1,PASTURE_FALLOW,category_default
VEGETACION NATIVA,crop,1,ANNUAL,crop_fallback
VETERRAGA,crop,1,ANNUAL,crop_fallback
PARA SEMBRAR ALGODON,crop,1,ANNUAL,crop_fallback
PASTO ANUALES,pasture,1,PASTURE_FALLOW,category_default
TERRENO EN DESANSO,crop,1,ANNUAL,crop_fallback
PAJA GRANADINA,pasture,1,PASTURE_FALLOW,category_default
SUTIL,crop,1,ANNUAL,crop_fallback
PASTO ELEFAMNTE,pasture,1,PASTURE_FALLOW,category_default
PASTO ELAEFANTE,pasture,1,PASTURE_FALLOW,category_default
ZONA ARBOREA,crop,1,ANNUAL,crop_fallback
PARA LA CAMPAÑA,crop,1,ANNUAL,crop_fallback
PASTO DE FORRAJE,pasture,1,PASTURE_FALLOW,category_default
TUMBO,crop,1,ANNUAL,crop_fallback
PASTO CULTIVABLE,pasture,1,PASTURE_FALLOW,category_default
PASTO CASTILLA,pasture,1,PASTURE_FALLOW,category_default
PASTO CHILENO GRAMA,pasture,1,PASTURE_FALLOW,category_default
PARA MAIZ,crop,1,ANNUAL,crop_fallback
PARA MAIZZ,crop,1,ANNUAL,crop_fallback
TERRENO DESCANSIO,fallow,1,PASTURE_FALLOW,category_default
YUVCA,crop,1,ANNUAL,crop_fallback
PASTO CAÑA DE AZUCAR,pasture,1,PASTURE_FALLOW,category_default
PARA SEMBRAR,crop,1,ANNUAL,crop_fallback
TAMARAINDO,crop,1,ANNUAL,crop_fallback
TERRENE EN DESCANSO,fallow,1,PASTURE_FALLOW,category_default
RASTROIJOS DE TRIGO,crop,1,ANNUAL,crop_fallback
PASTOD,pasture,1,PASTURE_FALLOW,category_default
PREPARACION EN DESCANSO,fallow,1,PASTURE_FALLOW,category_default
PREPARACION DE SUEKLO,land_prep,1,PASTURE_FALLOW,category_default
SABILA,crop,1,ANNUAL,crop_fallback
PREPARACION DE ARROZ,land_prep,1,PASTURE_FALLOW,category_default
TERRENO INUNDADO,crop,1,ANNUAL,crop_fallback
PREPARACIOIN,land_prep,1,PASTURE_FALLOW,category_default
PREPARACIION,land_prep,1,PASTURE_FALLOW,category_default
PREDO EN LIMPIEZA PARA LA SIEMBRA DE FREJOL,land_prep,1,PASTURE_FALLOW,category_default
PREDIO EN LIMPIEZA PARA SIEMBRA EN FREJOL,land_prep,1,PASTURE_FALLOW,category_default
TERRENO NE DESCANSO,fallow,1,PASTURE_FALLOW,category_default
TERRENO EN DESCANO,fallow,1,PASTURE_FALLOW,category_default
PREDIO EN LIMPIEZA PARA SEMBRAR FREJOL,land_prep,1,PASTURE_FALLOW,category_default
TERRENO POTRERO,crop,1,ANNUAL,crop_fallback
PREAPRACION,crop,1,ANNUAL,crop_fallback
POZO,crop,1,ANNUAL,crop_fallback
SABUMBA,crop,1,ANNUAL,crop_fallback
POMAROSA,crop,1,ANNUAL,crop_fallback
PLZATANO,crop,1,ANNUAL,crop_fallback
PLTANAO,crop,1,ANNUAL,crop_fallback
PLSTSNO,crop,1,ANNUAL,crop_fallback
PLAYTANO,crop,1,ANNUAL,crop_fallback
PLAYANO,crop,1,ANNUAL,crop_fallback
SALINIDAD,fallow,1,PASTURE_FALLOW,category_default
SALITRE POR EFECTO DE LA LLUVIA,fallow,1,PASTURE_FALLOW,category_default
PLATTANO,crop,1,ANNUAL,crop_fallback
TERRENO EN DESCANMSO,fallow,1,PASTURE_FALLOW,category_default
TERRENO TOTALMENTE SALITROSO,fallow,1,PASTURE_FALLOW,category_default
PLATOS,crop,1,ANNUAL,crop_fallback
SAMBUMBA OLLUCO,crop,1,ANNUAL,crop_fallback
PLATNAO,crop,1,ANNUAL,crop_fallback
TERRENO INNUNDABLE,crop,1,ANNUAL,crop_fallback
ROZADO DE CAMPO,crop,1,ANNUAL,crop_fallback
PASTOE,pasture,1,PASTURE_FALLOW,category_default
TERRENO EN DESCASNO,crop,1,ANNUAL,crop_fallback
RASTRIJOS DE ARROZ,crop,1,ANNUAL,crop_fallback
RATROJOS DE ALGODON,crop,1,ANNUAL,crop_fallback
RECUPERACION DE EXCESO SALES,crop,1,ANNUAL,crop_fallback
RASTREJO DE TRIGO,crop,1,ANNUAL,crop_fallback
TERRENO EN DESCNSO,crop,1,ANNUAL,crop_fallback
RASTRA MECANICA,crop,1,ANNUAL,crop_fallback
RECUPERACION POR EXCESO DE SALES,crop,1,ANNUAL,crop_fallback
REFOPRESTACION,crop,1,ANNUAL,crop_fallback
RASTORJOS DE ARROZ,crop,1,ANNUAL,crop_fallback
QUEMA DE RASTROJO,land_prep,1,PASTURE_FALLOW,category_default
QUEMA DE MALEZAS,land_prep,1,PASTURE_FALLOW,category_default
QUEMA DE ALGODON,land_prep,1,PASTURE_FALLOW,category_default
REPOLLOO,crop,1,ANNUAL,crop_fallback
RESIDUOS DE MAIZ,crop,1,ANNUAL,crop_fallback
RESIDUOS EN COSECHA,crop,1,ANNUAL,crop_fallback
RICACHA,crop,1,ANNUAL,crop_fallback
TERRENO EN DESCCANSO,crop,1,ANNUAL,crop_fallback
PÑLATANOS,crop,1,ANNUAL,crop_fallback
P´LATANO,crop,1,ANNUAL,crop_fallback
P`LATANO,crop,1,ANNUAL,crop_fallback
PTRREPARADOS,land_prep,1,PASTURE_FALLOW,category_default
ROBEL,crop,1,ANNUAL,crop_fallback
PRODUCCION,crop,1,ANNUAL,crop_fallback
PROCESO DE REHABILITACION FISICA,crop,1,ANNUAL,crop_fallback
PREPARRACION,crop,1,ANNUAL,crop_fallback
PREPARCION,crop,1,ANNUAL,crop_fallback
PREPARADO PARA UVA,land_prep,1,PASTURE_FALLOW,category_default
PREPARADO PARA CULTIVO MENORES,land_prep,1,PASTURE_FALLOW,category_default
TERRENO ENDESCANSO,fallow,1,PASTURE_FALLOW,category_default
PLATINO,crop,1,ANNUAL,crop_fallback
PLATAO COCOTERO,crop,1,ANNUAL,crop_fallback
SARANDANGA,crop,1,ANNUAL,crop_fallback
PLATANPO,crop,1,ANNUAL,crop_fallback
PLANATANO,crop,1,ANNUAL,crop_fallback
PLAATANO,crop,1,ANNUAL,crop_fallback
TRANSPLANTE DE ARROZ,crop,1,ANNUAL,crop_fallback
PL,crop,1,ANNUAL,crop_fallback
PINO,crop,1,ANNUAL,crop_fallback
TERRENO EN DESCANCO,fallow,1,PASTURE_FALLOW,category_default
PIMIENTO CHILENO,crop,1,ANNUAL,crop_fallback
SIMBRA DE ALGODON,crop,1,ANNUAL,crop_fallback
PIMIEMTOS,crop,1,ANNUAL,crop_fallback
PERMANENTES,crop,1,ANNUAL,crop_fallback
PEPINO,crop,1,ANNUAL,crop_fallback
TRERRENOI EN DESCANSO,fallow,1,PASTURE_FALLOW,category_default
PATO ELEFANTE,pasture,1,PASTURE_FALLOW,category_default
PATE,crop,1,ANNUAL,crop_fallback
PASTURA PARA GANADERIA,crop,1,ANNUAL,crop_fallback
SIN CULTIVAR,crop,1,ANNUAL,crop_fallback
PASTPO,crop,1,ANNUAL,crop_fallback
PASTOS E INVERNA,pasture,1,PASTURE_FALLOW,category_default
PASTOS DE ELEFANTES,pasture,1,PASTURE_FALLOW,category_default
PASTOS CULTIVADOS,pasture,1,PASTURE_FALLOW,category_default
TERRENO EN DESCAN,fallow,1,PASTURE_FALLOW,category_default
PASTOP NATURAL,pasture,1,PASTURE_FALLOW,category_default
PASTOP ELEFANTE,pasture,1,PASTURE_FALLOW,category_default
TRIGO ARBERJA,crop,1,ANNUAL,crop_fallback
PASTOI NATURAL,pasture,1,PASTURE_FALLOW,category_default
PASTOI ELEFANTE,pasture,1,PASTURE_FALLOW,category_default
SLGODON,crop,1,ANNUAL,crop_fallback
TRIJO,crop,1,ANNUAL,crop_fallback
TROG,crop,1,ANNUAL,crop_fallback
PLANATNO,crop,1,ANNUAL,crop_fallback
PLANTACION DE PASTOS,pasture,1,PASTURE_FALLOW,category_default
SHUSPO,crop,1,ANNUAL,crop_fallback
PLATANNO,crop,1,ANNUAL,crop_fallback
PLATANOY PASTO,pasture,1,PASTURE_FALLOW,category_default
PLATANOY CAÑA DE AZUCAR,crop,1,ANNUAL,crop_fallback
PLATANOSY CAÑA DE AZUCAR,crop,1,ANNUAL,crop_fallback
PLATANOPO,crop,1,ANNUAL,crop_fallback
SDE ALGODON,crop,1,ANNUAL,crop_fallback
TERRENOI EN DESCANZO,fallow,1,PASTURE_FALLOW,category_default
PLATANOI,crop,1,ANNUAL,crop_fallback
PLATANO DE SEDA,crop,1,ANNUAL,crop_fallback
TERRENON EN DESCANSO,fallow,1,PASTURE_FALLOW,category_default
PLATANO CAA DE AZUCAR,crop,1,ANNUAL,crop_fallback
TERRENOO EN DESCANSO,fallow,1,PASTURE_FALLOW,category_default
TERREO EN DESCANSO,fallow,1,PASTURE_FALLOW,category_default
TERRRENO EN DESCANSO,fallow,1,PASTURE_FALLOW,category_default
SE APRECIA PODA DE ARBOLES,crop,1,ANNUAL,crop_fallback
PLARANO,crop,1,ANNUAL,crop_fallback
PLATANBO,crop,1,ANNUAL,crop_fallback
TERRENO EN DESCANDSO,fallow,1,PASTURE_FALLOW,category_default
TIERRA SALITROSA,fallow,1,PASTURE_FALLOW,category_default
TIGO,crop,1,ANNUAL,crop_fallback
PLATAN,crop,1,ANNUAL,crop_fallback
TOMANTE,crop,1,ANNUAL,crop_fallback
SEBADA,crop,1,ANNUAL,crop_fallback
PLATAANO,crop,1,ANNUAL,crop_fallback
TERRENO EN DESCANDO,fallow,1,PASTURE_FALLOW,category_default
PLATA NO,crop,1,ANNUAL,crop_fallback
PLATA,crop,1,ANNUAL,crop_fallback
TRABAJO,crop,1,ANNUAL,crop_fallback
PLASTO,crop,1,ANNUAL,crop_fallback
PERIMETRO,crop,1,ANNUAL,crop_fallback
AARROZ,crop,1,ANNUAL,crop_fallback
PAJA CHICA,pasture,1,PASTURE_FALLOW,category_default
CHALEO,crop,1,ANNUAL,crop_fallback
CAÑA DE ZAUCAR,crop,1,ANNUAL,crop_fallback
CAÑA DEAZCAR,crop,1,ANNUAL,crop_fallback
CAÑANDE AZUCAR,crop,1,ANNUAL,crop_fallback
CEBADO,crop,1,ANNUAL,crop_fallback
CEFA,crop,1,ANNUAL,crop_fallback
CERBADA,crop,1,ANNUAL,crop_fallback
CFAÑA DE AZUCAR,crop,1,ANNUAL,crop_fallback
CHALA,crop,1,ANNUAL,crop_fallback
CHILENO,crop,1,ANNUAL,crop_fallback
PAHUAGUE,crop,1,ANNUAL,crop_fallback
CIPRES,crop,1,ANNUAL,crop_fallback
CIPREZ,crop,1,ANNUAL,crop_fallback
CIRUEL,crop,1,ANNUAL,crop_fallback
COBERTURA AEREA,crop,1,ANNUAL,crop_fallback
COBERTURA ARBOREA ALGARROBO,crop,1,ANNUAL,crop_fallback
COBERTURA FORESTAL,crop,1,ANNUAL,crop_fallback
COBRTURA ARBOREA,crop,1,ANNUAL,crop_fallback
COC,crop,1,ANNUAL,crop_fallback
CAÑA DE CAÑA,crop,1,ANNUAL,crop_fallback
CAÑA DE AZUVCAR,crop,1,ANNUAL,crop_fallback
CAÑA DE AZUICAR,crop,1,ANNUAL,crop_fallback
CAÑA DE AZUCARº,crop,1,ANNUAL,crop_fallback
CANCHA DE FUTBOL,crop,1,ANNUAL,crop_fallback
CARRIZO,crop,1,ANNUAL,crop_fallback
CASA HACIENDA,crop,1,ANNUAL,crop_fallback
CASERIO LA ESPERANZA S,crop,1,ANNUAL,crop_fallback
CASTILLA,crop,1,ANNUAL,crop_fallback
CATEADORA,crop,1,ANNUAL,crop_fallback
CAÑ DE AZUCAR,crop,1,ANNUAL,crop_fallback
CAÑA D E AZUCAR,crop,1,ANNUAL,crop_fallback
CAÑA DE AXUCAR,crop,1,ANNUAL,crop_fallback
CAÑA DE AZUCAR (,crop,1,ANNUAL,crop_fallback
CAÑA DE AZUCAR ALVERJA,crop,1,ANNUAL,crop_fallback
CAÑA DE AZUCAR NARANJA,crop,1,ANNUAL,crop_fallback
CAÑA DE AZUCAR PASTO ELEFANTE,pasture,1,PASTURE_FALLOW,category_default
CAÑA DE AZUCAR SARANDAJA,crop,1,ANNUAL,crop_fallback
CAÑA DE AZUCAR TRIGO,crop,1,ANNUAL,crop_fallback
CAÑA DE AZUCAR YZANAHORIA,crop,1,ANNUAL,crop_fallback
CAÑA DE AZUCARA,crop,1,ANNUAL,crop_fallback
COCALES,crop,1,ANNUAL,crop_fallback
COCOA,crop,1,ANNUAL,crop_fallback
COCOTEROMANGO,crop,1,ANNUAL,crop_fallback
DESCANSOI,fallow,1,PASTURE_FALLOW,category_default
DESHIERBO DE MALEZAS,land_prep,1,PASTURE_FALLOW,category_default
DESHIRBO,crop,1,ANNUAL,crop_fallback
DESHIRBO QUEMA,land_prep,1,PASTURE_FALLOW,category_default
DESSCANSO,crop,1,ANNUAL,crop_fallback
DETRIGL,crop,1,ANNUAL,crop_fallback
DEWSCANSO,crop,1,ANNUAL,crop_fallback
DSECANSO,crop,1,ANNUAL,crop_fallback
DXESCANSO,crop,1,ANNUAL,crop_fallback
EDLEFANTE,crop,1,ANNUAL,crop_fallback
EDSCANSO,crop,1,ANNUAL,crop_fallback
EISTEN RASTRIJOS DE ARROZ,crop,1,ANNUAL,crop_fallback
ELACION,crop,1,ANNUAL,crop_fallback
EM DESCANSO,fallow,1,PASTURE_FALLOW,category_default
EM PREPARACION,land_prep,1,PASTURE_FALLOW,category_default
ESCANSO,crop,1,ANNUAL,crop_fallback
ESPAREAGOS,crop,1,ANNUAL,crop_fallback
ETC,crop,1,ANNUAL,crop_fallback
DESDCAANSO,crop,1,ANNUAL,crop_fallback
DESCANSO TEMPORAL,fallow,1,PASTURE_FALLOW,category_default
COLMENAS,crop,1,ANNUAL,crop_fallback
DESCANSO EXISTEN RASTROJOS DE ARROZ,fallow,1,PASTURE_FALLOW,category_default
CORTE,crop,1,ANNUAL,crop_fallback
CRISPILLO,crop,1,ANNUAL,crop_fallback
CRUZ DE CAÑA,crop,1,ANNUAL,crop_fallback
CUPRESº,crop,1,ANNUAL,crop_fallback
CURRIHUELA,crop,1,ANNUAL,crop_fallback
CXAFE,crop,1,ANNUAL,crop_fallback
DATIL,crop,1,ANNUAL,crop_fallback
DDESCANSO,fallow,1,PASTURE_FALLOW,category_default
DEAZUCAR,crop,1,ANNUAL,crop_fallback
DEDSCANSO,crop,1,ANNUAL,crop_fallback
DENCANSO,crop,1,ANNUAL,crop_fallback
DESACANSO,crop,1,ANNUAL,crop_fallback
DESARROLO AGRIOCOLA,crop,1,ANNUAL,crop_fallback
DESC ANSO,crop,1,ANNUAL,crop_fallback
DESCABSO,crop,1,ANNUAL,crop_fallback
DESCANSIO,fallow,1,PASTURE_FALLOW,category_default
DESCANSO EXISTEN RASTROJO DE ARROZ,fallow,1,PASTURE_FALLOW,category_default
CAMPAÑA ANTERIOR FREJOL,crop,1,ANNUAL,crop_fallback
CAMOTE),crop,1,ANNUAL,crop_fallback
CAMOPTE,crop,1,ANNUAL,crop_fallback
ALGGDON,crop,1,ANNUAL,crop_fallback
ALGODOD,crop,1,ANNUAL,crop_fallback
ALGODOIN,crop,1,ANNUAL,crop_fallback
ALGODON FRIJOL DE PALO,crop,1,ANNUAL,crop_fallback
ALGODOSN,crop,1,ANNUAL,crop_fallback
ALGONONERO,crop,1,ANNUAL,crop_fallback
ALGOODON,crop,1,ANNUAL,crop_fallback
ALGUNOS FRUTALES,crop,1,ANNUAL,crop_fallback
ALLUCO,crop,1,ANNUAL,crop_fallback
ALMACIGO ARROZ,crop,1,ANNUAL,crop_fallback
ALMACIGOS DE ARROZ,crop,1,ANNUAL,crop_fallback
ALVREJA,crop,1,ANNUAL,crop_fallback
AMAIZ,crop,1,ANNUAL,crop_fallback
ANTERIOR MAIZ,crop,1,ANNUAL,crop_fallback
APERTURA HOYOS INSTALACION PLATANOS,crop,1,ANNUAL,crop_fallback
APERTURA HOYSO INSTALACION PLATANOS,crop,1,ANNUAL,crop_fallback
AQRADO,crop,1,ANNUAL,crop_fallback
AQRROZ,crop,1,ANNUAL,crop_fallback
ALGODDON,crop,1,ANNUAL,crop_fallback
ALGDON,crop,1,ANNUAL,crop_fallback
ARADO LISTO PARA SIEMBRA DE FREJOL,land_prep,1,PASTURE_FALLOW,category_default
ALGARROBO OVERAL,crop,1,ANNUAL,crop_fallback
ACAFE,crop,1,ANNUAL,crop_fallback
ACELGA,crop,1,ANNUAL,crop_fallback
ACFE,crop,1,ANNUAL,crop_fallback
ACHIOTE,crop,1,ANNUAL,crop_fallback
ACHOTE,crop,1,ANNUAL,crop_fallback
AEEOZ,crop,1,ANNUAL,crop_fallback
AEROZ,crop,1,ANNUAL,crop_fallback
AGODON,crop,1,ANNUAL,crop_fallback
AJI ESCABECHE,crop,1,ANNUAL,crop_fallback
AJIO,crop,1,ANNUAL,crop_fallback
ALBERJATRIGO,crop,1,ANNUAL,crop_fallback
ALBERTO,crop,1,ANNUAL,crop_fallback
ALFVERJAS,crop,1,ANNUAL,crop_fallback
ALG,crop,1,ANNUAL,crop_fallback
ALGARROBA,crop,1,ANNUAL,crop_fallback
ALGARROBALES,crop,1,ANNUAL,crop_fallback
ALGARROBO FAIQUE OVERAL,crop,1,ANNUAL,crop_fallback
ARAADO,crop,1,ANNUAL,crop_fallback
ARADO PARA CITRICO,land_prep,1,PASTURE_FALLOW,category_default
CAMMOTE,crop,1,ANNUAL,crop_fallback
ASTO ELEFANTE,pasture,1,PASTURE_FALLOW,category_default
AXRRXOZ,crop,1,ANNUAL,crop_fallback
AÑGODON,crop,1,ANNUAL,crop_fallback
BERBECHO,crop,1,ANNUAL,crop_fallback
CABALLO PARA ARROZ,crop,1,ANNUAL,crop_fallback
CACO,crop,1,ANNUAL,crop_fallback
CAE,crop,1,ANNUAL,crop_fallback
CAFE NARANJA PLATANOI,crop,1,ANNUAL,crop_fallback
CAFE NARANJO HUABAL,crop,1,ANNUAL,crop_fallback
CAFE PLATANO NARANJAN,crop,1,ANNUAL,crop_fallback
CAFE PLATANOS PLATA,crop,1,ANNUAL,crop_fallback
CAFETA,crop,1,ANNUAL,crop_fallback
CAFEW,crop,1,ANNUAL,crop_fallback
CAGFE,crop,1,ANNUAL,crop_fallback
CAIGUA,crop,1,ANNUAL,crop_fallback
CALA,crop,1,ANNUAL,crop_fallback
CAM,crop,1,ANNUAL,crop_fallback
CAMIOTE,crop,1,ANNUAL,crop_fallback
AXRROZX,crop,1,ANNUAL,crop_fallback
ARVERJITA,crop,1,ANNUAL,crop_fallback
ARADO PARA FRUTALES,land_prep,1,PASTURE_FALLOW,category_default
ARTEMISA,crop,1,ANNUAL,crop_fallback
ARADORA,land_prep,1,PASTURE_FALLOW,category_default
ARADURA PARA SIEMBRA DE ARROZ,land_prep,1,PASTURE_FALLOW,category_default
ARADURIA,land_prep,1,PASTURE_FALLOW,category_default
ARARDURA,crop,1,ANNUAL,crop_fallback
ARBOLES FRUTALES MANGO,crop,1,ANNUAL,crop_fallback
ARBVERJA,crop,1,ANNUAL,crop_fallback
AREA CULTIBABLE,crop,1,ANNUAL,crop_fallback
AREA CULTIVABLE,crop,1,ANNUAL,crop_fallback
ARLBERJA,crop,1,ANNUAL,crop_fallback
ARRAYAN,crop,1,ANNUAL,crop_fallback
ARRO Z,crop,1,ANNUAL,crop_fallback
ARRO<,crop,1,ANNUAL,crop_fallback
ARROX,crop,1,ANNUAL,crop_fallback
ARROZ O MAIZ,crop,1,ANNUAL,crop_fallback
ARROZ PAN LLEVAR,crop,1,ANNUAL,crop_fallback
ARROZ|,crop,1,ANNUAL,crop_fallback
ARRTOZ,crop,1,ANNUAL,crop_fallback
EUCALIPO,crop,1,ANNUAL,crop_fallback
EXISTENCIA DE ALGARROBO,crop,1,ANNUAL,crop_fallback
EXIXSTEN RASTROJOS DE ARROZ,crop,1,ANNUAL,crop_fallback
MALEZA,crop,1,ANNUAL,crop_fallback
ABA,crop,1,ANNUAL,crop_fallback
MANFO,crop,1,ANNUAL,crop_fallback
MANG,crop,1,ANNUAL,crop_fallback
MANGO CIERUELOA,crop,1,ANNUAL,crop_fallback
MANGO EDWARD,crop,1,ANNUAL,crop_fallback
MANGO INSTALADO,crop,1,ANNUAL,crop_fallback
MANGO LIMON SUTIL,crop,1,ANNUAL,crop_fallback
MANGOI,crop,1,ANNUAL,crop_fallback
MANUAL,crop,1,ANNUAL,crop_fallback
MAONGO,crop,1,ANNUAL,crop_fallback
MARACULLA,crop,1,ANNUAL,crop_fallback
MARIGIL,crop,1,ANNUAL,crop_fallback
MATE,crop,1,ANNUAL,crop_fallback
MAUZ,crop,1,ANNUAL,crop_fallback
MAWIZ,crop,1,ANNUAL,crop_fallback
MAZ,crop,1,ANNUAL,crop_fallback
MECAN,crop,1,ANNUAL,crop_fallback
MAMAEY,crop,1,ANNUAL,crop_fallback
MAIZY YUCA,crop,1,ANNUAL,crop_fallback
MECANIZA,land_prep,1,PASTURE_FALLOW,category_default
MAIZY FRUTALES,crop,1,ANNUAL,crop_fallback
LIMPIEZA PARA LA SIEMBRA DE FREJOL,land_prep,1,PASTURE_FALLOW,category_default
LIMPIEZA PARA SIEMBRA EN FREJOL,land_prep,1,PASTURE_FALLOW,category_default
LIOMON,crop,1,ANNUAL,crop_fallback
LMON,crop,1,ANNUAL,crop_fallback
LOMA,crop,1,ANNUAL,crop_fallback
LUCUMO,crop,1,PERENNIAL,lexicon
LUIMON,crop,1,ANNUAL,crop_fallback
M AIZ,crop,1,ANNUAL,crop_fallback
MAGO,crop,1,ANNUAL,crop_fallback
MAI,crop,1,ANNUAL,crop_fallback
MAIUZ,crop,1,ANNUAL,crop_fallback
MAIZ CAÑA DE AZUCAR PASTO,pasture,1,PASTURE_FALLOW,category_default
MAIZ CHILENO,crop,1,ANNUAL,crop_fallback
MAIZ FREJOL BAYO,crop,1,ANNUAL,crop_fallback
MAIZ FRIJOL BAYO,crop,1,ANNUAL,crop_fallback
MAIZ HIBRIDO,crop,1,ANNUAL,crop_fallback
MAIZI,crop,1,ANNUAL,crop_fallback
MECANIADO,crop,1,ANNUAL,crop_fallback
MECANIZDA,land_prep,1,PASTURE_FALLOW,category_default
LIMPIEZA DEL TERRENO,land_prep,1,PASTURE_FALLOW,category_default
NIEVALCION,crop,1,ANNUAL,crop_fallback
NIV,crop,1,ANNUAL,crop_fallback
NIVELACIO,land_prep,1,PASTURE_FALLOW,category_default
NIVELACION A YARADURA,land_prep,1,PASTURE_FALLOW,category_default
NIVELACION U GRADEO,land_prep,1,PASTURE_FALLOW,category_default
O$,crop,1,ANNUAL,crop_fallback
OACAS,crop,1,ANNUAL,crop_fallback
OASTOS,crop,1,ANNUAL,crop_fallback
ODON,crop,1,ANNUAL,crop_fallback
OLGODON,crop,1,ANNUAL,crop_fallback
OLUCO,crop,1,ANNUAL,crop_fallback
OTE,crop,1,ANNUAL,crop_fallback
OTRO,crop,1,ANNUAL,crop_fallback
OTROA,crop,1,ANNUAL,crop_fallback
OYUCO,crop,1,ANNUAL,crop_fallback
P CHILENA,crop,1,ANNUAL,crop_fallback
PAASTO,crop,1,ANNUAL,crop_fallback
PAASTO ELFANTE,crop,1,ANNUAL,crop_fallback
NIO ESPECIFICA,crop,1,ANNUAL,crop_fallback
NATURA,crop,1,ANNUAL,crop_fallback
MECNIZADO,crop,1,ANNUAL,crop_fallback
NATANJO,crop,1,ANNUAL,crop_fallback
MEIZ,crop,1,ANNUAL,crop_fallback
MELOM,crop,1,ANNUAL,crop_fallback
MIZ,crop,1,ANNUAL,crop_fallback
MONTAÑOSO,crop,1,ANNUAL,crop_fallback
MSNGO,crop,1,ANNUAL,crop_fallback
N CANCHAQUE HUANCABAMBA PIURA,crop,1,ANNUAL,crop_fallback
NANARNJA,crop,1,ANNUAL,crop_fallback
NANRANJO,crop,1,ANNUAL,crop_fallback
NAPA FREATICA ALTA,crop,1,ANNUAL,crop_fallback
NARAJA,crop,1,ANNUAL,crop_fallback
NARAJO,crop,1,ANNUAL,crop_fallback
NARAMJO,crop,1,ANNUAL,crop_fallback
NARANJA ´,crop,1,ANNUAL,crop_fallback
NARANJAA,crop,1,ANNUAL,crop_fallback
NARANJO U GRANADILLA,crop,1,ANNUAL,crop_fallback
NARNJO,crop,1,ANNUAL,crop_fallback
NATANAJA,crop,1,ANNUAL,crop_fallback
LIMPIEZA PARA GRADEO,land_prep,1,PASTURE_FALLOW,category_default
LIMPIEZA DE MALEZAS,land_prep,1,PASTURE_FALLOW,category_default
EXPLOTACION APICOLA,crop,1,ANNUAL,crop_fallback
FRIJOIL,crop,1,ANNUAL,crop_fallback
FRIJOL CASTILLO,crop,1,ANNUAL,crop_fallback
FRIJOL CHIELNO,crop,1,ANNUAL,crop_fallback
FRIJOL CHILENIO,crop,1,ANNUAL,crop_fallback
FRIJOL CHIMU,crop,1,ANNUAL,crop_fallback
FRIJOL DE CASTILLA,crop,1,ANNUAL,crop_fallback
FRIJOL DE PALAO,crop,1,ANNUAL,crop_fallback
FRIJOL DE PALO CASTILLA MAIZ,crop,1,ANNUAL,crop_fallback
FRIJOL PANAMITO,crop,1,ANNUAL,crop_fallback
FRIJOLDE PALO,crop,1,ANNUAL,crop_fallback
FRIJOLSARANDAJA,crop,1,ANNUAL,crop_fallback
FRIJOO,crop,1,ANNUAL,crop_fallback
FRIJOPL CASTILLA,crop,1,ANNUAL,crop_fallback
FRUATELS,crop,1,ANNUAL,crop_fallback
FURTALES,crop,1,ANNUAL,crop_fallback
GRADEO PARA MAIZ,land_prep,1,PASTURE_FALLOW,category_default
GRADIO,crop,1,ANNUAL,crop_fallback
GRAEO,crop,1,ANNUAL,crop_fallback
FRIJOL BAYO MAIZ,crop,1,ANNUAL,crop_fallback
FRIJO ALUBIA,crop,1,ANNUAL,crop_fallback
GRAMA DUCLE,pasture,1,PASTURE_FALLOW,category_default
FRIJIOL,crop,1,ANNUAL,crop_fallback
E¡N DESCANSO,fallow,1,PASTURE_FALLOW,category_default
FAJAS,crop,1,ANNUAL,crop_fallback
FGREJOL,crop,1,ANNUAL,crop_fallback
FILTRACION DE AGUA,crop,1,ANNUAL,crop_fallback
FRAJOL CHILENO,crop,1,ANNUAL,crop_fallback
FRAMINEAS,crop,1,ANNUAL,crop_fallback
FREJIOL,crop,1,ANNUAL,crop_fallback
FREJJOL,crop,1,ANNUAL,crop_fallback
FREJOL BAYO MAIZ,crop,1,ANNUAL,crop_fallback
FREJOL CASTILA,crop,1,ANNUAL,crop_fallback
FREJOL CASTILLO,crop,1,ANNUAL,crop_fallback
FREJOL CHILENO CUARENTA,crop,1,ANNUAL,crop_fallback
FREJOL POPOLO,crop,1,ANNUAL,crop_fallback
FREJOL SARADANGO,land_prep,1,PASTURE_FALLOW,category_default
FREJOLÑ,crop,1,ANNUAL,crop_fallback
FRIFOL,crop,1,ANNUAL,crop_fallback
FRIJ,crop,1,ANNUAL,crop_fallback
GRAMA CHIELAN,pasture,1,PASTURE_FALLOW,category_default
GRAMA GATEADURA,pasture,1,PASTURE_FALLOW,category_default
LIMON MANGO CAÑA DE AZUCAR,crop,1,ANNUAL,crop_fallback
II CAMAPAÑA AGRICOLA,crop,1,ANNUAL,crop_fallback
II CAMPAÑ AGRICOLA,crop,1,ANNUAL,crop_fallback
II CAMPIÑA AGRICOLA,crop,1,ANNUAL,crop_fallback
IMPLEMANTACION RECIENTE DE PLANTAION DE LIMON,crop,1,ANNUAL,crop_fallback
INSTALACION DE UVA,crop,1,ANNUAL,crop_fallback
INUNDADA,crop,1,ANNUAL,crop_fallback
IVELACION,crop,1,ANNUAL,crop_fallback
L LIMON,crop,1,ANNUAL,crop_fallback
LABORES DE PREPARACION,land_prep,1,PASTURE_FALLOW,category_default
LADRILLERA,crop,1,ANNUAL,crop_fallback
LAGARROBO,crop,1,ANNUAL,crop_fallback
LAVERJA,crop,1,ANNUAL,crop_fallback
LEGUMBRES,crop,1,ANNUAL,crop_fallback
LELIPE,crop,1,ANNUAL,crop_fallback
LIM,crop,1,ANNUAL,crop_fallback
LIMION,crop,1,ANNUAL,crop_fallback
LIMOMERO,crop,1,ANNUAL,crop_fallback
LIMON ETC,crop,1,ANNUAL,crop_fallback
II CAMAPÑ AGRICOLA,crop,1,ANNUAL,crop_fallback
II CAMAPAÑ AGRICOLA,crop,1,ANNUAL,crop_fallback
GRAMINIAS,crop,1,ANNUAL,crop_fallback
HUERTO FAMILIAR,crop,1,ANNUAL,crop_fallback
GRANALOTE,crop,1,ANNUAL,crop_fallback
GRMA GATEADORA,crop,1,ANNUAL,crop_fallback
GUAMABANA,crop,1,ANNUAL,crop_fallback
GUAYABA,crop,1,ANNUAL,crop_fallback
GUAYAQUIIL,crop,1,ANNUAL,crop_fallback
GUYAQUIL,crop,1,ANNUAL,crop_fallback
HA,crop,1,ANNUAL,crop_fallback
HABILITADO PARA SEMBRIOS,land_prep,1,PASTURE_FALLOW,category_default
HAVA,crop,1,ANNUAL,crop_fallback
HIERBADO,crop,1,ANNUAL,crop_fallback
HIGUERON,crop,1,,woody_noncrop
HIORTALIZAS,crop,1,ANNUAL,crop_fallback
HORNO,crop,1,ANNUAL,crop_fallback
HORNO LADRILLERA,crop,1,ANNUAL,crop_fallback
HUALTACO,crop,1,,woody_noncrop
HUANVO,crop,1,ANNUAL,crop_fallback
HUEQUIADO PARA LIMON,crop,1,ANNUAL,crop_fallback
´PLATANO,crop,1,ANNUAL,crop_fallback
