feature,family,coef,se,within_sd,coef_sd,t,n,n_parcels,abs_coef_sd
n_dates,static_or_meta,14.672477105761713,0.1272966056718969,6.05772156931453,2.422111504775218,115.26212367028522,110252,4535,2.422111504775218
frac_l7,static_or_meta,-0.42171426072741675,0.002487958477637863,0.2526516658171126,-1.669152900154174,-169.5021297653665,110252,4535,1.669152900154174
max_gap,static_or_meta,-1.5131193084472763,0.010930228060674554,1.085663525500909,-1.3937276816490132,-138.43437667062685,110252,4535,1.3937276816490132
NDWI_max,order_extreme,0.06196202050042719,0.0010031327392076427,0.09760494957083622,0.6348245736806474,61.76851584902904,110252,4535,0.6348245736806474
NDMI_min,order_extreme,-0.034412772215383074,0.000751148089161784,0.05840962389403644,-0.5891627084915467,-45.81356554309382,110252,4535,0.5891627084915467
SWIR2_amp,order_extreme,0.0391543426359988,0.000683456767291795,0.066559615117783,0.5882597513028254,57.288689657940346,110252,4535,0.5882597513028254
NDWI_amp,order_extreme,0.06450300486461427,0.0011519862121042526,0.11106555379409815,0.5807651667068162,55.99286188225391,110252,4535,0.5807651667068162
SWIR1_amp,order_extreme,0.04750791805378782,0.0008358237263854613,0.08277574110025929,0.5739352788910156,56.83963801702171,110252,4535,0.5739352788910156
NDVI_min,order_extreme,-0.05284601045911829,0.0010549857899063665,0.09393996887905275,-0.5625508618930594,-50.09167987353512,110252,4535,0.5625508618930594
BSI_max,order_extreme,0.02863557100366095,0.00065717198202359,0.05192582666078263,0.5514706812609722,43.573937701186175,110252,4535,0.5514706812609722
SWIR2_max,order_extreme,0.031391823740336035,0.0006463302247620308,0.06059540985070191,0.5180561335863695,48.56932654185256,110252,4535,0.5180561335863695
SWIR1_max,order_extreme,0.035124182634924436,0.0007519896606009743,0.07094907896420029,0.4950618548924012,46.70833187633714,110252,4535,0.4950618548924012
NDVI_amp,order_extreme,0.05774138939719958,0.0013220687336512528,0.11759664700292395,0.4910122088409875,43.67502833058536,110252,4535,0.4910122088409875
NDWI_mean,central,0.026194318749801705,0.0007371997240491907,0.05467293404873453,0.47910943880298307,35.53218740496144,110252,4535,0.47910943880298307
NDMI_amp,order_extreme,0.042356759399715234,0.0010006057306044132,0.08938790221144893,0.47385337782644726,42.33111814593521,110252,4535,0.47385337782644726
NDWI_p75,order_quantile,0.03304656022347708,0.0009435137616575724,0.0702501358290356,0.4704127591141022,35.024990165931044,110252,4535,0.4704127591141022
NDWI_median,central,0.029948000683917196,0.0008352613690867525,0.06442989500100268,0.4648152954998783,35.854645973465004,110252,4535,0.4648152954998783
NIR_amp,order_extreme,0.04467045097743368,0.0010428207166567778,0.09785169088419343,0.4565117942652697,42.836175254212954,110252,4535,0.4565117942652697
G_p25,order_quantile,0.005797597757362078,0.00016357728255160276,0.012711824218956249,0.45607913211358986,35.44256064733894,110252,4535,0.45607913211358986
BSI_amp,order_extreme,0.03630075271455127,0.000903855912184534,0.08075829149148891,0.44949877027025753,40.16210130972733,110252,4535,0.44949877027025753
NDVI_p25,order_quantile,-0.03380653028456005,0.0010829268627063444,0.07867611961205291,-0.42969239524341013,-31.217740965510902,110252,4535,0.42969239524341013
NDMI_p25,order_quantile,-0.025416536334559422,0.0008100065035641858,0.06023610832683955,-0.4219485129525626,-31.378187980864016,110252,4535,0.4219485129525626
SWIR1_mean,central,0.01224114245425409,0.00034357676749500614,0.02939876951427463,0.4163828165770808,35.62855120706616,110252,4535,0.4163828165770808
SWIR1_median,central,0.013336430503832842,0.000361614931766267,0.03214143598195451,0.4149295168803425,36.88019860986537,110252,4535,0.4149295168803425
BSI_p75,order_quantile,0.022208948707661384,0.000732781773295445,0.054263378888043785,0.4092806080779247,30.307725324258467,110252,4535,0.4092806080779247
SWIR1_p75,order_quantile,0.016829325512635187,0.0004845028188160296,0.04138294034707165,0.4066730244755571,34.735247885163375,110252,4535,0.4066730244755571
SWIR2_p75,order_quantile,0.014035525242694151,0.0004269805324901825,0.0347007564521564,0.40447317804283617,32.87158119560607,110252,4535,0.40447317804283617
NDVI_mean,central,-0.026729921831611318,0.0008988770948908676,0.06617569579485906,-0.4039235479211669,-29.737015197674594,110252,4535,0.4039235479211669
NDVI_median,central,-0.03187984373169644,0.001041748853397678,0.08020672653513532,-0.3974709492442778,-30.60223548863999,110252,4535,0.3974709492442778
G_median,central,0.0112650327263396,0.0003443966754265123,0.029628985237357134,0.38020312326242955,32.709470009803695,110252,4535,0.38020312326242955
NIR_min,order_extreme,-0.017057608508717972,0.0004455248483196368,0.044984591689396725,-0.3791878033815433,-38.28654804115478,110252,4535,0.3791878033815433
SWIR2_mean,central,0.009643692155066124,0.00031676269319748113,0.025548282965615305,0.3774692869984762,30.444532649095464,110252,4535,0.3774692869984762
SWIR2_median,central,0.01082141360413322,0.00034266904442570404,0.028795582961273672,0.37580116432046606,31.579781658624462,110252,4535,0.37580116432046606
R_median,central,0.01220250847872015,0.0003820210846755552,0.0326317086736662,0.3739463538594158,31.941976420185178,110252,4535,0.3739463538594158
EVI_amp,order_extreme,0.04875132853893174,0.0013664111402403852,0.1331561487587713,0.3661214971548235,35.67837461450672,110252,4535,0.3661214971548235
NDMI_mean,central,-0.021120196423856038,0.0007547870121776331,0.057858589905036166,-0.3650313023272916,-27.981663811254837,110252,4535,0.3650313023272916
BSI_mean,central,0.0191706551888222,0.0006887758265781403,0.05291876947375263,0.36226570231060873,27.83293845264955,110252,4535,0.36226570231060873
NDWI_p25,order_quantile,0.0214801792988201,0.0007754966085494514,0.05985344273129202,0.3588795952014642,27.698611524553645,110252,4535,0.3588795952014642
BSI_median,central,0.021710118916922018,0.0007837710824648743,0.06108786159639065,0.35539169893294725,27.69956611392968,110252,4535,0.35539169893294725
NDMI_median,central,-0.023344591266017938,0.0008573313872118262,0.06692788245874723,-0.3488021794265939,-27.22936733010341,110252,4535,0.3488021794265939
G_amp,order_extreme,0.038343387324298796,0.001208948395401554,0.11090992269446358,0.34571647326748006,31.716314335785178,110252,4535,0.34571647326748006
G_max,order_extreme,0.03764107688820082,0.0011958360699452768,0.10896526061566954,0.34544107613310215,31.47678668859966,110252,4535,0.34544107613310215
R_p25,order_quantile,0.006060164189240067,0.00022554567443499752,0.01768457877109422,0.3426807201733027,26.868900077206366,110252,4535,0.3426807201733027
B_p25,order_quantile,0.0036443199991949356,0.00014021304720643937,0.010819038542060452,0.33684324027751233,25.99130445991454,110252,4535,0.33684324027751233
G_mean,central,0.010256712969597806,0.0003937007528533377,0.03061892527670362,0.33497952253084523,26.05205322891181,110252,4535,0.33497952253084523
NIR_max,order_extreme,0.027612842468715534,0.0009639323894717123,0.08628480025460122,0.320019776220587,28.646036558486102,110252,4535,0.320019776220587
EVI_p25,order_quantile,-0.017388237371725748,0.0007479494066665086,0.054352434396824585,-0.319916440996461,-23.247879090141076,110252,4535,0.319916440996461
R_mean,central,0.0105519800327437,0.0004250160039687242,0.033003353983424924,0.3197244752167661,24.82725340742744,110252,4535,0.3197244752167661
SWIR1_p25,order_quantile,0.00889477306265051,0.00032155359999149754,0.028309235666393984,0.31420039620531093,27.661867455023685,110252,4535,0.31420039620531093
R_amp,order_extreme,0.03655860620196267,0.0012799975512483045,0.1170050011132998,0.3124533639939182,28.56146573585962,110252,4535,0.3124533639939182
R_max,order_extreme,0.035490513820623446,0.0012602340629358838,0.11478593073584939,0.3091887097408813,28.16184299759645,110252,4535,0.3091887097408813
B_amp,order_extreme,0.04066934130850019,0.0014051413496884374,0.13162288382600704,0.3089838189707285,28.94323856992595,110252,4535,0.3089838189707285
B_max,order_extreme,0.040093148464006474,0.0013936628711875181,0.13070597941889545,0.3067430322794431,28.768182960807255,110252,4535,0.3067430322794431
G_p75,order_quantile,0.016855593462685656,0.0006955321109555232,0.0557277683535914,0.3024630980328748,24.234098177766967,110252,4535,0.3024630980328748
R_p75,order_quantile,0.017453820588618538,0.0007263330797862454,0.05803750256430705,0.3007334881317344,24.030050502112708,110252,4535,0.3007334881317344
BSI_h_mean,central,0.01809467549382181,0.0007814266768668061,0.06048384463928822,0.2991654317236992,23.155947998056433,109505,4531,0.2991654317236992
NDWI_h_mean,central,0.023300889025482937,0.0010219540001338632,0.07916494490363217,0.2943334206048802,22.80033056520236,109505,4531,0.2943334206048802
B_median,central,0.008893643056139346,0.0003533860279099004,0.030468227936876462,0.2918989274520671,25.166934608990477,110252,4535,0.2918989274520671
NDMI_h_mean,central,-0.01894053001423713,0.0008473051203743193,0.06555960730757121,-0.28890548299623153,-22.35384816967665,109505,4531,0.28890548299623153
SWIR1_min,order_extreme,-0.012383735418864348,0.0004080327773836938,0.04305009524956437,-0.28765872286867145,-30.349854485389287,110252,4535,0.28765872286867145
EVI_median,central,-0.01580102554293594,0.0007453512176327873,0.05739984512003915,-0.275279933419534,-21.199436143835,110252,4535,0.275279933419534
EVI_min,order_extreme,-0.0298006140115241,0.0010567142613461511,0.10878744751317788,-0.27393430669392466,-28.201203581336188,110252,4535,0.27393430669392466
NDVI_p75,order_quantile,-0.021765733586222736,0.0010250328913851156,0.08116764643526193,-0.2681577517907058,-21.23418064839943,110252,4535,0.2681577517907058
NDVI_h_mean,central,-0.024039693174956796,0.0011924466315545034,0.09094501299112194,-0.2643321759413411,-20.159974072481592,109505,4531,0.2643321759413411
SWIR2_min,order_extreme,-0.0077625188956635385,0.0002999856137893963,0.029660195435338044,-0.26171502856704176,-25.876303858734982,110252,4535,0.26171502856704176
B_mean,central,0.007988102886520661,0.0004131048543751787,0.032497925585798046,0.24580347029939506,19.336744175041638,110252,4535,0.24580347029939506
BSI_p25,order_quantile,0.016752659622794368,0.0008141599176166409,0.06817621214699691,0.24572587850251085,20.576620465222412,110252,4535,0.24572587850251085
B_p75,order_quantile,0.0143811627588125,0.0007345444979028954,0.058572177614777704,0.24552890714420264,19.578341135044003,110252,4535,0.24552890714420264
SWIR1_h_mean,central,0.011661915890685918,0.0005526638159767924,0.04797718365619803,0.24307212307947443,21.1012835535005,109508,4531,0.24307212307947443
NDMI_p75,order_quantile,-0.017491563884745237,0.0008805688950016422,0.07334629206223264,-0.23847918405887578,-19.863935671623533,110252,4535,0.23847918405887578
EVI_mean,central,-0.012231828524908676,0.0006804973835472877,0.05146739599456851,-0.23766169413738228,-17.97483549627592,110252,4535,0.23766169413738228
SWIR2_p25,order_quantile,0.005945889416188306,0.00030540096896344095,0.025459743325919607,0.23354082325468772,19.469124267579122,110252,4535,0.23354082325468772
EVI_max,order_extreme,0.018950714527408628,0.0009891196136118797,0.08617030328366379,0.21992164127616937,19.159173740583302,110252,4535,0.21992164127616937
SWIR2_h_mean,central,0.008842772108774096,0.0004816475762583616,0.04079821588439463,0.21674408836481665,18.35942407822006,109508,4531,0.21674408836481665
G_h_mean,central,0.00875639834463228,0.0005884909973178715,0.04930163425416243,0.1776086833043064,14.879409174551126,109508,4531,0.1776086833043064
NIR_p75,order_quantile,0.0082888469555135,0.0005694499065506144,0.0467476202154067,0.1773105650580632,14.555884301961447,110252,4535,0.1773105650580632
R_h_mean,central,0.009001673834892964,0.0006356802593737442,0.05311204072095308,0.16948461615676044,14.160694314719134,109508,4531,0.16948461615676044
SWIR2_std,central,0.0031762611944151876,0.00021543596850669088,0.019350750933879956,0.16414149534910716,14.743411773027777,110252,4535,0.16414149534910716
G_slope,fitted,0.014401635896442833,0.000974917118826216,0.09509246318989152,0.15144876274457206,14.772164339243693,109508,4531,0.15144876274457206
n_valid_pixels,static_or_meta,0.6021755686943708,0.06605598635029748,3.9792343756354462,0.1513295050880759,9.116139232272003,110252,4535,0.1513295050880759
BSI_slope,fitted,-0.022683196773720833,0.00163693552711166,0.15554733812751795,-0.14582825425868176,-13.857110679090018,109505,4531,0.14582825425868176
NIR_mean,central,0.004566882209588097,0.0003922396716026921,0.031468053012275045,0.1451275745533621,11.64309104922459,110252,4535,0.1451275745533621
EVI_h_mean,central,-0.010131123048021207,0.0008707486428850945,0.0699100690040099,-0.1449165076269644,-11.634957034734223,109508,4531,0.1449165076269644
G_h_sin,fitted,-0.006714377698383004,0.0005189850532066382,0.04668244846653534,-0.14383088117574327,-12.937516517859367,109508,4531,0.14383088117574327
EVI_p75,order_quantile,-0.008963104252172858,0.0007925782781964134,0.06394478070936312,-0.14016944233355444,-11.308793716337075,110252,4535,0.14016944233355444
B_h_sin,fitted,-0.006689478804738744,0.0005285951286175087,0.04862838061516835,-0.13756326491061757,-12.65520327861222,109508,4531,0.13756326491061757
B_slope,fitted,0.014016853466794979,0.0010222722117948693,0.10333851028106504,0.1356401735294158,13.711468731195074,109508,4531,0.1356401735294158
NIR_median,central,0.004238257606776049,0.0003786384680132626,0.03179358287080593,0.133305441667217,11.193415262359437,110252,4535,0.133305441667217
R_h_sin,fitted,-0.006735766435971059,0.0005602951802460551,0.050566799934893186,-0.13320531345949582,-12.021817558760777,109508,4531,0.13320531345949582
NDMI_slope,fitted,0.022116309143137166,0.0017331357441729611,0.16701460401445598,0.1324214087363455,12.76086377970982,109505,4531,0.1324214087363455
SWIR2_h_sin,fitted,-0.005046522737637191,0.00041746816277251595,0.03821009255600166,-0.1320730309731881,-12.088401434307961,109508,4531,0.1320730309731881
SWIR1_std,central,0.003145605159525004,0.0002662946941560586,0.02414211806871688,0.1302953266391754,11.812496563230667,110252,4535,0.1302953266391754
B_h_mean,central,0.006250426609975266,0.0005974878762454882,0.05130250682238035,0.12183472109102791,10.461177303298403,109508,4531,0.12183472109102791
NDWI_h_sin,fitted,-0.008928085629261534,0.0008579121063821711,0.07378977440853626,-0.12099353468451181,-10.406760276307805,109505,4531,0.12099353468451181
R_slope,fitted,0.012352141724778571,0.0010663362646353652,0.1038839549985895,0.11890326783328845,11.583720946602522,109508,4531,0.11890326783328845
NIR_slope,fitted,0.012575660425810486,0.0010378513857892977,0.10583246767555446,0.11882610981313492,12.117014630419899,109508,4531,0.11882610981313492
G_std,central,0.004043601114979562,0.0004219223519937078,0.03591576204070391,0.11258569734360319,9.583756574811341,110252,4535,0.11258569734360319
NDWI_std,central,0.003650716278201641,0.00039192293663118695,0.03401170642277447,0.10733705133233469,9.314882945054812,110252,4535,0.10733705133233469
B_std,central,0.004362391451507398,0.00046244236933235135,0.04069697832024097,0.10719202337775843,9.433373195898067,110252,4535,0.10719202337775843
BSI_min,order_extreme,-0.007665181710890482,0.0008698864193942676,0.07828556890764136,-0.09791308689259959,-8.811704079974046,110252,4535,0.09791308689259959
SWIR1_h_sin,fitted,-0.004108034305831689,0.00047583906149678746,0.043993941645581215,-0.09337727314652433,-8.633243124071317,109508,4531,0.09337727314652433
NDMI_max,order_extreme,0.007943987184332946,0.0009484666923708,0.08522263925560536,0.093214517336254,8.375610074905266,110252,4535,0.093214517336254
NIR_h_mean,central,0.004816315144473416,0.0006212633282222913,0.05318068915771951,0.0905651134040315,7.752453630660963,109508,4531,0.0905651134040315
R_std,central,0.003250616823866402,0.00044091150956055515,0.037472992741559644,0.08674558891746285,7.372492560029123,110252,4535,0.08674558891746285
NIR_p25,order_quantile,0.0023121272261895443,0.0003235588610637861,0.027009645954041643,0.08560375912086195,7.145924604221344,110252,4535,0.08560375912086195
EVI_h_sin,fitted,0.0053225814225642395,0.0006731668767962554,0.06697288223665725,0.07947368016440172,7.906778550803835,109508,4531,0.07947368016440172
NDMI_h_cos,fitted,0.004534927665689718,0.0006378610096012629,0.05960271958222602,0.07608591851976612,7.1095859402420185,109505,4531,0.07608591851976612
NDVI_h_sin,fitted,0.00649282741200101,0.0009919997955771924,0.08607867418694395,0.07542898950673911,6.545190272164498,109505,4531,0.07542898950673911
R_h_cos,fitted,-0.003386280729204627,0.0005393303168567593,0.04716413730335892,-0.07179778795537227,-6.278676765178006,109508,4531,0.07179778795537227
NIR_h_sin,fitted,-0.003427597448253733,0.0005161789176537536,0.049640642793142405,-0.06904820839119427,-6.640328248649865,109508,4531,0.06904820839119427
SWIR2_h_cos,fitted,-0.0022963036406236383,0.00038065167307852626,0.03385366545881186,-0.06783028099032412,-6.0325589062889104,109508,4531,0.06783028099032412
G_h_cos,fitted,-0.0029307019014100624,0.0005074928309033113,0.04424131096273232,-0.06624355919016066,-5.774863649193946,109508,4531,0.06624355919016066
SWIR2_slope,fitted,0.005195520431503235,0.0008280602864354652,0.08063778608548741,0.06443034566940184,6.274326297990077,109508,4531,0.06443034566940184
B_h_cos,fitted,-0.0030169624344649616,0.0005251766030842807,0.04755254554399036,-0.06344481457199808,-5.744662684412842,109508,4531,0.06344481457199808
SWIR1_h_cos,fitted,-0.0026262628005198187,0.0004686213198023299,0.04152995870628586,-0.06323778983489128,-5.604232435749205,109508,4531,0.06323778983489128
NDVI_h_cos,fitted,0.005080136162727932,0.0008921128703030983,0.08162486885835121,0.06223760275246276,5.694499352982026,109505,4531,0.06223760275246276
BSI_h_cos,fitted,-0.003379541776914298,0.0005668748502309762,0.05444824433965867,-0.062068884275350795,-5.961707024993762,109505,4531,0.062068884275350795
R_min,order_extreme,-0.001068092381339547,0.00020328484734156687,0.01784506193960065,-0.05985366623857455,-5.254166236723478,110252,4535,0.05985366623857455
NDVI_max,order_extreme,0.004895378938079775,0.001022715773420165,0.0840685530277299,0.0582307981019376,4.786646559394165,110252,4535,0.0582307981019376
B_min,order_extreme,-0.0005761928444943452,0.00011938252990976711,0.01006795392776975,-0.057230381528174445,-4.8264419000824414,110252,4535,0.057230381528174445
NDVI_std,central,0.001995910241537309,0.00045501402440897224,0.03815197870453216,0.05231472414562368,4.386480711511784,110252,4535,0.05231472414562368
NDWI_h_cos,fitted,-0.003732229028075791,0.0007962256568021574,0.07192740760815995,-0.05188883003274514,-4.687401110716982,109505,4531,0.05188883003274514
G_min,order_extreme,-0.0007023104360984524,0.00015390563635236642,0.013770820987739935,-0.05099989584671201,-4.563253515228742,110252,4535,0.05099989584671201
NIR_std,central,0.001460855273979577,0.00033092895928812395,0.028727300831202996,0.05085250725654066,4.414407482264737,110252,4535,0.05085250725654066
NIR_h_cos,fitted,-0.0022113668761589043,0.0005366629788080658,0.04840835652989575,-0.04568151110011804,-4.120587712367217,109508,4531,0.04568151110011804
NDWI_slope,fitted,0.007183248314439232,0.0018450410322519214,0.1717365103973612,0.04182714728405012,3.893272934787736,109505,4531,0.04182714728405012
NDWI_min,order_extreme,-0.0025409843641881432,0.0007780226697226886,0.06303009694736464,-0.0403138260490076,-3.2659515757989785,110252,4535,0.0403138260490076
EVI_std,central,0.0013175630333727274,0.0004002690804567904,0.03806176817282256,0.03461644312976279,3.291693257618384,110252,4535,0.03461644312976279
NDVI_slope,fitted,0.005769260020501647,0.002281411229881525,0.20918238929611296,0.027580046484385633,2.528811967319565,109505,4531,0.027580046484385633
BSI_h_sin,fitted,0.0014838332588016337,0.0005733987695550932,0.05426786047850229,0.027342763206768407,2.587785913724505,109505,4531,0.027342763206768407
NDMI_std,central,0.0007132895629292036,0.000328581020736182,0.02828481055546888,0.025218113500544155,2.170817904610213,110252,4535,0.025218113500544155
EVI_h_cos,fitted,0.0015127199675287124,0.0006886032291480282,0.0653753873205296,0.02313898287304951,2.196794762929473,109508,4531,0.02313898287304951
SWIR1_slope,fitted,0.001879571925788667,0.0009451602111856444,0.09538398613141691,0.019705319540735643,1.9886278575257221,109508,4531,0.019705319540735643
EVI_slope,fitted,0.0025182977151573973,0.0017425107800399416,0.17068727368053013,0.014753869230290794,1.4452121295339553,109508,4531,0.014753869230290794
BSI_std,central,-0.00019572640947423175,0.0002992993921308935,0.025988319965910976,-0.007531322137443558,-0.6539485699611248,110252,4535,0.007531322137443558
NDMI_h_sin,fitted,3.594048322929524e-05,0.0006169898540650378,0.05841380738262482,0.0006152737655649841,0.058251335889077195,109505,4531,0.0006152737655649841
centroid_lat,static_or_meta,-2.163220822356052e-30,2.389274582634692e-31,4.163028349213028e-15,-5.196267334487366e-16,-9.053881199249327,110252,4535,5.196267334487366e-16
area_ha,static_or_meta,-2.1666026162419658e-31,9.747985561416466e-32,1.960074655125751e-15,-1.1053673953571757e-16,-2.2226157420848085,110252,4535,1.1053673953571757e-16
n_pixels_est,static_or_meta,-1.7034659435661013e-30,1.1727641867233412e-30,2.2261925274549803e-14,-7.651925530059754e-17,-1.4525221377415358,110252,4535,7.651925530059754e-17
