macro_f1,weighted_f1,balanced_accuracy,cohen_kappa,accuracy,n,dept,n_train,n_test,n_buffered,recall_ANNUAL,support_ANNUAL,recall_PASTURE_FALLOW,support_PASTURE_FALLOW,recall_PERENNIAL,support_PERENNIAL
0.5934257795775392,0.611957422205086,0.5858169174288109,0.3886319462402622,0.6167664670658682,4008,LIMA,92038,4008,0,0.7214636810486074,1831,0.447939262472885,922,0.5880478087649402,1255
0.5927058541225333,0.5727605001587301,0.5913896139305527,0.320970854901406,0.5671243325705568,5244,AYACUCHO,89772,5244,0,0.5308880308880309,1554,0.5216037368625924,2569,0.7216770740410348,1121
0.5388996976645805,0.5563518678903467,0.5387777306920566,0.3156445893338651,0.5578500707213578,3535,ICA,92398,3535,0,0.6634615384615384,1560,0.4437022900763359,1048,0.5091693635382956,927
0.5319494724555647,0.537254630015428,0.5474962102696104,0.23513037069776999,0.5359381834086602,6859,ANCASH,88887,6859,0,0.5395449620801733,2769,0.5217788607980506,3283,0.5811648079306072,807
0.5039946076104896,0.5814147323254618,0.48761912888069636,0.26377991390711997,0.5826879271070615,2195,TACNA,92813,2195,0,0.2569593147751606,467,0.75825946817083,1241,0.44763860369609854,487
0.4914067988398521,0.534495847287791,0.5116886786727456,0.15599905833387095,0.5330188679245284,2544,HUANCAVELICA,93021,2544,0,0.5353625783348255,1117,0.5381649961449498,1297,0.46153846153846156,130
0.4875127706404858,0.5348049382605258,0.5262082008305972,0.24510691355860337,0.5316129032258065,4650,AREQUIPA,90660,4650,0,0.40422396856581533,2036,0.6570890249646726,2123,0.5173116089613035,491
0.4791105365121571,0.6937424853825513,0.5283273739373969,0.31623374119582537,0.6649937264742786,1594,TUMBES,94766,1594,0,0.7035714285714286,280,0.18446601941747573,103,0.6969446738232865,1211
0.4788783342633825,0.5864835239171758,0.48420623516224354,0.252831675578958,0.5829457364341085,2580,MOQUEGUA,92978,2580,0,0.22752808988764045,356,0.6780952380952381,1575,0.5469953775038521,649
0.47848463455131673,0.5091821145202798,0.4799506764058446,0.2179273204451605,0.5043093922651933,4525,PIURA,90169,4525,0,0.5559502664298401,2252,0.3562753036437247,988,0.5276264591439689,1285
0.4046453135541244,0.5666143170994891,0.48896512053228625,0.12397987067234595,0.5204570586067084,2713,LAMBAYEQUE,93657,2713,0,0.559272011805214,2033,0.3567251461988304,513,0.5508982035928144,167
0.40242915407571395,0.44099538131129046,0.5137693021443802,0.1356708968321947,0.4264705882352941,6664,CAJAMARCA,85457,6664,7,0.4509698275862069,3712,0.2693321616871705,2276,0.8210059171597633,676
0.40200004405253303,0.48714032421069453,0.39202159181228424,0.053466362013337765,0.48490530658166137,5333,LA_LIBERTAD,89481,5333,3,0.5043007327174259,3139,0.5166393889798145,1833,0.15512465373961218,361
0.292975593801526,0.47118659990541006,0.3394286274043339,0.013794900174134428,0.578234704112337,1994,PASCO,93185,1994,0,0.02857142857142857,385,0.058823529411764705,408,0.9308909242298085,1201
