cohort,n,macro_f1,accuracy
1996,486,0.32887897761386053,0.4218106995884774
1997,6183,0.5615816389439062,0.5655830502992075
1998,7261,0.5253383641367956,0.5356011568654455
1999,8259,0.49437503692547335,0.5395326310691367
2000,3638,0.5151522299644092,0.5258383727322705
2001,3619,0.6077444127533594,0.6112185686653772
2002,2101,0.5155279927701151,0.5192765349833413
2003,6322,0.5307809484519095,0.5237266687757038
2004,3178,0.5381944332769436,0.5333543108873505
2005,3581,0.5199887027388618,0.5121474448478078
2006,4463,0.53748291581728,0.5359623571588618
2007,1638,0.5521098771230603,0.5714285714285714
2008,2607,0.4329212019786149,0.44495588799386265
2009,807,0.5255718966651218,0.5278810408921933
