macro_f1,weighted_f1,balanced_accuracy,cohen_kappa,accuracy,n,cohort,n_train,n_test,n_buffered,recall_ANNUAL,support_ANNUAL,recall_PASTURE_FALLOW,support_PASTURE_FALLOW,recall_PERENNIAL,support_PERENNIAL
0.4078549228723594,0.465439119604918,0.49598691289442726,0.020586652314316445,0.45905172413793105,464,1996,39119,464,3972,0.4107142857142857,280,0.5317919075144508,173,0.5454545454545454,11
0.5094143384227944,0.5176839759726931,0.5106673570211554,0.2688087205000098,0.524107289781142,6077,1997,32622,6077,5886,0.6784347086346235,2351,0.4264705882352941,2176,0.4270967741935484,1550
0.5232142861459562,0.5237981611422686,0.540487660581474,0.2584097006327438,0.5248060881018586,6833,1998,26961,6833,10878,0.6393509127789047,2465,0.42764778325123154,3248,0.5544642857142857,1120
0.506067058696165,0.5531187461561228,0.5258006525815381,0.25455069725209667,0.5473927213470939,7364,1999,27570,7364,10968,0.5607396870554765,3515,0.5539568345323741,3058,0.46270543615676357,791
0.5131688452846163,0.5197660822606093,0.5413208193541513,0.2557903769050608,0.5210031347962383,3190,2000,32146,3190,8541,0.5417201540436457,1558,0.40019102196752626,1047,0.6820512820512821,585
0.5817730391228495,0.5949580292132812,0.5755189582837078,0.36711109455523494,0.595032096008931,3583,2001,25705,3583,14939,0.6753660089115213,1571,0.4668911335578002,891,0.584299732381802,1121
0.5591013055816972,0.571530395039043,0.563089055990807,0.3104319673994065,0.5738354806739346,2018,2002,35152,2018,7352,0.6424418604651163,1032,0.33515482695810567,549,0.7116704805491991,437
0.5431176582730429,0.5369163138067805,0.5726813536660064,0.24661992480726702,0.5377250095748756,5222,2003,29433,5222,10164,0.46878680800942285,2547,0.5859073359073359,2072,0.6633499170812603,603
0.5728305899019092,0.5641646329195112,0.5822549550964826,0.34141851253436195,0.5645769099006509,2919,2004,30355,2919,10760,0.4920255183413078,1254,0.5681098204857444,947,0.6866295264623955,718
0.5696096235976643,0.553630212210045,0.5823825701710934,0.3200319471015435,0.5585651537335286,2732,2005,35476,2732,6510,0.4371584699453552,915,0.5453788509575354,1201,0.7646103896103896,616
0.5762090930883733,0.5784455893730037,0.601369387150723,0.37444407196334784,0.5842696629213483,3026,2006,36637,3026,5948,0.5186513629842181,1394,0.42424242424242425,825,0.8612143742255266,807
0.5610238777116678,0.5614120250419395,0.5809327924921278,0.3713821854450493,0.5809585492227979,1544,2007,38587,1544,3607,0.5018796992481203,532,0.35856573705179284,502,0.8823529411764706,510
0.40632429996060343,0.4111734264887441,0.40424029062471917,0.11106026295510196,0.4087473002159827,1852,2008,38977,1852,3668,0.4340836012861736,622,0.32368896925858953,553,0.4549483013293944,677
0.5012263099219622,0.49825247591151184,0.5081849026442639,0.24929818970880557,0.5032341526520052,773,2009,41113,773,2452,0.5776699029126213,206,0.5773195876288659,291,0.3695652173913043,276
