k,n,accuracy,macro_f1
-5,856,0.514018691588785,0.4866735647257627
-4,1311,0.551487414187643,0.5307593552526045
-3,1375,0.5389090909090909,0.5247581404103143
-2,1701,0.54673721340388,0.5387279429085124
-1,1972,0.5547667342799188,0.543256454652549
0,2577,0.5440434613892122,0.5359175306743592
1,2886,0.5571725571725572,0.5456476108157552
2,3163,0.5453683212140373,0.5317466540184687
3,3139,0.5425294679834343,0.5204430101196008
4,3200,0.5425,0.5316938145827143
5,3175,0.5577952755905512,0.544748492794623
