arm,CV,LODO,LOYO,LOYO_sd,LOYO_worst1k,LOYO_recPER,LODYO,LODYO_worst1k,W2
nolat,0.5805022248155812,0.4764745880356221,0.5236382320415472,0.05684178645733793,0.4063242999606034,0.3695652173913043,0.5132606163685508,0.4329212019786149,-0.05917832921601651
nometa,0.6280592356255283,0.4169056034737684,0.5709610929515652,0.07818516846874866,0.4352290943571159,0.2812903225806452,0.5082677892510148,0.40310542943618666,-0.0436716788871792
ltae,0.6021063381402565,0.4422379907227185,0.4784214205880109,0.06199628710112234,0.4325745706199708,0.2727272727272727,0.49649602832719325,0.4047194427952021,-0.10249491584210127
nolat_aug,0.5794655913201885,0.47700149241616774,0.5290511633614727,0.057574269349394955,0.4206095314511142,0.36363636363636365,0.5148753097827917,0.4300603631067132,-0.05122384723377866
nolat_norder,0.5763088265883455,0.47540007087052605,0.5210161966311039,0.055807766901727604,0.4222078772323312,0.3442028985507246,0.5110311719717604,0.4276518032878345,-0.05960950460245558
nolat_aug_norder,0.5776332034330854,0.47702989940869994,0.5253023547832592,0.048783805023815484,0.4269433865455623,0.36594202898550726,0.5111296600077876,0.4347586618426478,-0.06979982805574847
nolat_yleak5,,,0.5245461392109478,0.05023854815661684,0.4240122841846492,0.38405797101449274,,,
nolat_yleak10,0.5814639801332391,0.477204142531506,0.5266745972408536,0.0500346385338439,0.4252503401006965,0.37681159420289856,0.5135185577414527,0.43286128399796225,-0.06793062590961885
nolat_yleak20,,,0.520853464091131,0.050980580171224116,0.4275035113907341,0.29347826086956524,,,
nolat_aug_yleak10,0.5810696239527017,0.47892747695420235,0.5260861739203172,0.05742902547138762,0.4215344203411502,0.36363636363636365,0.5173051058850159,0.4344618012709988,-0.03819878820146626
