pett_label,window,n,share,p_mean,n_eff,se,window_idx
ANNUAL,W99,1983,0.023547364913425024,0.07106281545918394,287.62514048872066,0.008940942996782322,0
ANNUAL,W04,1981,0.025499683600502712,0.0741158631813783,288.31882318692703,0.009283716927151358,1
ANNUAL,W09,1971,0.03255526409147837,0.08042456178735373,284.1801595897356,0.010527537992165222,2
ANNUAL,W14,1982,0.031245177645978065,0.08530160682386634,286.20970729823426,0.010283862422992646,3
ANNUAL,W19,1983,0.04592946471825744,0.12407217207987983,287.8493145900723,0.012338243415634798,4
PASTURE_FALLOW,W99,1577,0.05311109845612679,0.09057501755091735,237.52755770610014,0.014550742436654003,0
PASTURE_FALLOW,W04,1572,0.030732691901450983,0.08103096289836696,237.89237237516588,0.011190044789537302,1
PASTURE_FALLOW,W09,1552,0.037724565129519765,0.0918021781989688,234.48855389221814,0.012442309396191049,2
PASTURE_FALLOW,W14,1562,0.04216571162173782,0.09444529682498967,234.79827142581968,0.013115276753419705,3
PASTURE_FALLOW,W19,1572,0.07353981777932778,0.13267531572331143,236.95126607228394,0.0169568483950736,4
PERENNIAL,W99,959,0.48840195219585464,0.5151479780238876,128.69770530410707,0.04406235784147635,0
PERENNIAL,W04,926,0.5326042497727782,0.5444443594050674,127.3576588368285,0.04421118544037552,1
PERENNIAL,W09,922,0.4884441518904777,0.4965052287092946,124.2422609345097,0.04484554549111774,2
PERENNIAL,W14,952,0.4599236921308052,0.46958316965681157,125.47633135301447,0.04449278057550849,3
PERENNIAL,W19,951,0.3757184695107094,0.41867720921848917,125.358043099886,0.043255906071230865,4
