dept,n_parcels,W99_gap,W19_gap,gap_change
CAJAMARCA,365,0.002220467369416085,-0.004227833045584606,-0.006448300415000691
LIMA,252,0.11008506744839558,0.1263510650457673,0.016265997597371712
LA_LIBERTAD,234,0.0028539518288812765,-0.019556356883740043,-0.02241030871262132
ANCASH,231,-0.032058126060473986,0.01218398415271911,0.044242110213193096
AREQUIPA,176,-0.033808660487583304,-0.03469948444797903,-0.0008908239603957271
ICA,149,-0.010281482686902044,-0.03307574058488112,-0.02279425789797908
PIURA,149,-0.0806395274906507,-0.026325659148271147,0.054313868342379557
AYACUCHO,96,-0.1856782751986,-0.1454700496307403,0.04020822556785969
LAMBAYEQUE,80,0.019784873388539348,-0.0673035253763016,-0.08708839876484095
HUANCAVELICA,75,-0.008159435351482964,-0.02878219917686322,-0.020622763825380256
PASCO,58,-0.06266169533032495,0.05262470668849617,0.11528640201882112
TACNA,53,-0.16388957102585797,-0.11422668339309394,0.049662887632764025
MOQUEGUA,35,-0.1810442965455339,-0.3568116943563415,-0.17576739781080764
TUMBES,32,0.07566866875447452,0.2895265666685347,0.21385789791406018
