model,arm,n_P_or_W,pw_subproblem_acc,p_called_woody,woody_called_p,perennial_f1,woody_f1,other_classes_f1,d_pw_subproblem_acc,d_perennial_f1,d_woody_f1,d_other_classes_f1
lightgbm,none,223,0.6054,0.1163,0.0438,0.4564,0.7292,0.7472,0.0,0.0,0.0,0.0
lightgbm,temp,223,0.6592,0.1512,0.0438,0.5132,0.7606,0.7698,0.0538,0.0568,0.0313,0.0226
lightgbm,rain,223,0.5874,0.1279,0.0584,0.4564,0.7185,0.775,-0.0179,0.0,-0.0107,0.0279
lightgbm,both,223,0.6413,0.1512,0.0511,0.5098,0.7429,0.782,0.0359,0.0534,0.0136,0.0348
lightgbm,latlon,223,0.5874,0.1163,0.0365,0.3971,0.7482,0.7443,-0.0179,-0.0593,0.019,-0.0028
ltae,none,223,0.5516,0.093,0.0876,0.4024,0.6642,0.7189,0.0,0.0,0.0,0.0
ltae,temp,223,0.6323,0.093,0.0949,0.5143,0.7085,0.763,0.0807,0.1119,0.0443,0.0441
ltae,rain,223,0.583,0.1279,0.073,0.4941,0.6617,0.7537,0.0314,0.0918,-0.0025,0.0347
ltae,both,223,0.5785,0.1512,0.1022,0.3905,0.6982,0.7614,0.0269,-0.0118,0.034,0.0425
ltae,latlon,223,0.5695,0.1395,0.0584,0.3949,0.7033,0.7616,0.0179,-0.0075,0.0391,0.0427
rules,none,223,0.1704,0.0,0.9343,0.2032,0.0,0.6846,0.0,0.0,0.0,0.0
rules,temp,223,0.2332,0.0,0.8905,0.2921,0.0,0.6925,0.0628,0.0889,0.0,0.0078
rules,rain,223,0.2466,0.0,0.9124,0.303,0.0,0.7233,0.0762,0.0998,0.0,0.0387
rules,both,223,0.2287,0.0,0.8905,0.2991,0.0,0.7156,0.0583,0.0959,0.0,0.031
rules,latlon,223,0.1794,0.0,0.8905,0.2078,0.0,0.6384,0.009,0.0046,0.0,-0.0463
