model,arm,ANNUAL,OTHER,PERENNIAL,WOODY_NON_CROP,d_ANNUAL,d_OTHER,d_PERENNIAL,d_WOODY_NON_CROP
lightgbm,none,0.7059,0.7884,0.4564,0.7292,0.0,0.0,0.0,0.0
lightgbm,temp,0.7215,0.8181,0.5132,0.7606,0.0156,0.0296,0.0568,0.0313
lightgbm,rain,0.7354,0.8146,0.4564,0.7185,0.0295,0.0262,0.0,-0.0107
lightgbm,both,0.7411,0.8229,0.5098,0.7429,0.0352,0.0345,0.0534,0.0136
lightgbm,latlon,0.6948,0.7939,0.3971,0.7482,-0.011,0.0054,-0.0593,0.019
ltae,none,0.6953,0.7425,0.4024,0.6642,0.0,0.0,0.0,0.0
ltae,temp,0.7426,0.7834,0.5143,0.7085,0.0473,0.0409,0.1119,0.0443
ltae,rain,0.7391,0.7682,0.4941,0.6617,0.0439,0.0256,0.0918,-0.0025
ltae,both,0.7456,0.7772,0.3905,0.6982,0.0503,0.0346,-0.0118,0.034
ltae,latlon,0.7552,0.768,0.3949,0.7033,0.0599,0.0254,-0.0075,0.0391
rules,none,0.6849,0.6844,0.2032,0.0,0.0,0.0,0.0,0.0
rules,temp,0.6639,0.7211,0.2921,0.0,-0.021,0.0367,0.0889,0.0
rules,rain,0.6916,0.755,0.303,0.0,0.0067,0.0707,0.0998,0.0
rules,both,0.6638,0.7675,0.2991,0.0,-0.0212,0.0831,0.0959,0.0
rules,latlon,0.633,0.6437,0.2078,0.0,-0.0519,-0.0407,0.0046,0.0
