model,arm,cv_macro_f1_t4,lodo_macro_f1_t4,lodo_sd_t4,n_dept_t4,cv_skill_t4,lodo_skill_t4,cv_perennial_f1_t4,lodo_perennial_f1_t4,d_cv_macro_f1_t4,d_lodo_macro_f1_t4,majority_floor_t4,cv_macro_f1_t3w,lodo_macro_f1_t3w,lodo_sd_t3w,n_dept_t3w,cv_skill_t3w,lodo_skill_t3w,cv_perennial_f1_t3w,lodo_perennial_f1_t3w,d_cv_macro_f1_t3w,d_lodo_macro_f1_t3w,majority_floor_t3w
lightgbm,none,0.6717,0.5387,0.1234,14,0.6041,0.4437,0.4706,0.4564,0.0,0.0,0.1707,0.7472,0.6974,0.1215,14,0.6727,0.6082,0.7679,0.7198,0.0,0.0,0.2276
lightgbm,temp,0.695,0.5676,0.1297,14,0.6323,0.4786,0.5636,0.5132,0.0233,0.0289,0.1707,0.7615,0.7241,0.1115,14,0.6913,0.6428,0.789,0.7773,0.0144,0.0267,0.2276
lightgbm,rain,0.6913,0.5613,0.11,14,0.6277,0.471,0.5357,0.4564,0.0196,0.0226,0.1707,0.7679,0.6963,0.134,14,0.6995,0.6068,0.772,0.72,0.0207,-0.001,0.2276
lightgbm,both,0.7007,0.577,0.1141,14,0.6391,0.4899,0.574,0.5098,0.029,0.0383,0.1707,0.7641,0.7171,0.1129,14,0.6946,0.6338,0.7826,0.7613,0.017,0.0198,0.2276
lightgbm,latlon,0.696,0.5526,0.1284,14,0.6334,0.4605,0.5463,0.3971,0.0243,0.0139,0.1707,0.7574,0.6995,0.1122,14,0.6859,0.611,0.7709,0.7327,0.0102,0.0022,0.2276
ltae,none,0.7084,0.5154,0.0766,14,0.6483,0.4156,0.5917,0.4024,0.0,0.0,0.1707,0.8043,0.6326,0.1145,14,0.7466,0.5243,0.8063,0.6447,0.0,0.0,0.2276
ltae,temp,0.732,0.5554,0.111,14,0.6769,0.4639,0.6134,0.5143,0.0237,0.04,0.1707,0.8133,0.6869,0.0625,14,0.7583,0.5946,0.8049,0.7117,0.009,0.0543,0.2276
ltae,rain,0.7123,0.538,0.1053,14,0.6531,0.4429,0.6166,0.4941,0.004,0.0226,0.1707,0.7908,0.6777,0.0806,14,0.7291,0.5828,0.793,0.6824,-0.0135,0.0451,0.2276
ltae,both,0.716,0.5425,0.0883,14,0.6576,0.4483,0.5944,0.3905,0.0077,0.0271,0.1707,0.7975,0.6775,0.0833,14,0.7378,0.5825,0.8048,0.693,-0.0068,0.045,0.2276
ltae,latlon,0.7083,0.5527,0.0877,14,0.6482,0.4607,0.5771,0.3949,-0.0001,0.0373,0.1707,0.7865,0.6669,0.0705,14,0.7235,0.5687,0.7973,0.6792,-0.0178,0.0343,0.2276
rules,none,0.3923,0.3605,0.1216,14,0.2672,0.2288,0.2438,0.2032,0.0,0.0,0.1707,0.6747,0.5952,0.1368,14,0.5789,0.4759,0.6288,0.6259,0.0,0.0,0.2276
rules,temp,0.4342,0.3772,0.128,14,0.3177,0.249,0.3576,0.2921,0.0419,0.0167,0.1707,0.703,0.6477,0.1314,14,0.6155,0.5438,0.7439,0.7394,0.0283,0.0525,0.2276
rules,rain,0.4424,0.3972,0.127,14,0.3276,0.2731,0.3495,0.303,0.0502,0.0367,0.1707,0.7175,0.6784,0.1298,14,0.6342,0.5837,0.7306,0.7246,0.0428,0.0833,0.2276
rules,both,0.4319,0.3889,0.1321,14,0.315,0.2631,0.3712,0.2991,0.0396,0.0284,0.1707,0.7232,0.6676,0.1393,14,0.6416,0.5697,0.7488,0.7273,0.0485,0.0725,0.2276
rules,latlon,0.3964,0.3396,0.1255,14,0.2721,0.2036,0.2627,0.2078,0.0041,-0.0209,0.1707,0.6652,0.5712,0.1164,14,0.5666,0.4449,0.6393,0.6089,-0.0095,-0.0239,0.2276
