model,arm,ANNUAL,OTHER,PERENNIAL,WOODY_NON_CROP
lightgbm,none,0.7254,0.7908,0.4706,0.7155
lightgbm,temp,0.7,0.811,0.5636,0.7283
lightgbm,rain,0.7324,0.8091,0.5357,0.7032
lightgbm,both,0.7138,0.8193,0.574,0.7211
lightgbm,latlon,0.7228,0.8146,0.5463,0.7151
ltae,none,0.7383,0.786,0.5917,0.7397
ltae,temp,0.7744,0.8241,0.6134,0.7471
ltae,rain,0.7434,0.7901,0.6166,0.7328
ltae,both,0.756,0.8053,0.5944,0.7318
ltae,latlon,0.7698,0.8005,0.5771,0.7181
rules,none,0.6615,0.6748,0.2438,0.0
rules,temp,0.6411,0.755,0.3576,0.0
rules,rain,0.6747,0.7515,0.3495,0.0
rules,both,0.6102,0.7557,0.3712,0.0
rules,latlon,0.6535,0.6794,0.2627,0.0
