target,model,arm,lodo_arm,lodo_latlon,arm_minus_control,depts_beating_control,paired_p
t4,lightgbm,temp,0.5676,0.5526,0.015,8/14,0.4328
t4,lightgbm,rain,0.5613,0.5526,0.0087,7/14,0.6002
t4,lightgbm,both,0.577,0.5526,0.0243,8/14,0.1167
t4,ltae,temp,0.5554,0.5527,0.0026,7/14,0.9032
t4,ltae,rain,0.538,0.5527,-0.0147,5/14,0.4216
t4,ltae,both,0.5425,0.5527,-0.0103,5/14,0.3258
t4,rules,temp,0.3772,0.3396,0.0376,9/14,0.015
t4,rules,rain,0.3972,0.3396,0.0576,11/14,0.0017
t4,rules,both,0.3889,0.3396,0.0493,9/14,0.0353
