dept,declared_class,n_population,n_target
ANCASH,PERENNIAL,3525,43
ANCASH,ANNUAL,47144,21
ANCASH,PASTURE_FALLOW,56499,21
AREQUIPA,PERENNIAL,2705,38
AREQUIPA,ANNUAL,23370,19
AREQUIPA,PASTURE_FALLOW,22504,19
AYACUCHO,PERENNIAL,9935,40
AYACUCHO,ANNUAL,28322,20
AYACUCHO,PASTURE_FALLOW,30517,19
CAJAMARCA,PERENNIAL,3822,43
CAJAMARCA,ANNUAL,63521,21
CAJAMARCA,PASTURE_FALLOW,39921,21
HUANCAVELICA,PERENNIAL,272,33
HUANCAVELICA,ANNUAL,4093,16
HUANCAVELICA,PASTURE_FALLOW,5978,16
ICA,PERENNIAL,6871,35
ICA,ANNUAL,12706,18
ICA,PASTURE_FALLOW,7455,17
LAMBAYEQUE,PERENNIAL,479,33
LAMBAYEQUE,ANNUAL,11361,17
LAMBAYEQUE,PASTURE_FALLOW,2644,16
LA_LIBERTAD,PERENNIAL,2976,40
LA_LIBERTAD,ANNUAL,39156,20
LA_LIBERTAD,PASTURE_FALLOW,27261,20
LIMA,PERENNIAL,10162,37
LIMA,ANNUAL,18038,18
LIMA,PASTURE_FALLOW,8658,18
MOQUEGUA,PERENNIAL,2114,33
MOQUEGUA,ANNUAL,1607,16
MOQUEGUA,PASTURE_FALLOW,6722,16
PASCO,PERENNIAL,1331,30
PASCO,ANNUAL,438,15
PASCO,PASTURE_FALLOW,325,14
PIURA,PERENNIAL,2916,37
PIURA,ANNUAL,27932,18
PIURA,PASTURE_FALLOW,8541,18
TACNA,PERENNIAL,980,32
TACNA,ANNUAL,1992,16
TACNA,PASTURE_FALLOW,4267,15
TUMBES,PERENNIAL,2305,31
TUMBES,ANNUAL,1333,15
TUMBES,PASTURE_FALLOW,252,15
