dept,n_parcels,median_obs_per_year,mean_obs_per_year,min_obs,max_obs
ANCASH,94,55.0,53.3,16.5,74.5
AREQUIPA,84,69.0,69.9,1.0,138.5
AYACUCHO,88,40.0,43.4,11.5,78.0
CAJAMARCA,94,33.8,35.1,10.0,85.5
HUANCAVELICA,62,41.5,44.1,27.0,87.0
ICA,79,67.5,63.1,37.0,112.0
LAMBAYEQUE,74,46.5,45.7,28.5,57.5
LA_LIBERTAD,88,48.0,49.5,13.5,100.5
LIMA,82,41.0,45.2,1.5,130.5
MOQUEGUA,73,113.5,100.9,1.0,146.5
PASCO,67,21.5,23.0,10.5,35.5
PIURA,81,52.5,65.4,41.0,96.5
TACNA,71,61.0,54.3,0.5,115.5
TUMBES,69,49.5,53.1,20.0,87.0
