dept,declared_class,label,n
ANCASH,ANNUAL,ANNUAL,3
ANCASH,ANNUAL,OTHER,14
ANCASH,ANNUAL,PERENNIAL,1
ANCASH,ANNUAL,UNSURE,3
ANCASH,PASTURE_FALLOW,OTHER,13
ANCASH,PASTURE_FALLOW,PERENNIAL,2
ANCASH,PASTURE_FALLOW,UNSURE,5
ANCASH,PASTURE_FALLOW,WOODY_NON_CROP,2
ANCASH,PERENNIAL,ANNUAL,3
ANCASH,PERENNIAL,NON_AGRICULTURE,2
ANCASH,PERENNIAL,OTHER,12
ANCASH,PERENNIAL,PERENNIAL,10
ANCASH,PERENNIAL,UNSURE,8
ANCASH,PERENNIAL,WOODY_NON_CROP,9
AREQUIPA,ANNUAL,ANNUAL,10
AREQUIPA,ANNUAL,OTHER,5
AREQUIPA,ANNUAL,UNSURE,3
AREQUIPA,PASTURE_FALLOW,ANNUAL,7
AREQUIPA,PASTURE_FALLOW,NON_AGRICULTURE,3
AREQUIPA,PASTURE_FALLOW,OTHER,6
AREQUIPA,PASTURE_FALLOW,PERENNIAL,1
AREQUIPA,PASTURE_FALLOW,UNSURE,4
AREQUIPA,PERENNIAL,ANNUAL,3
AREQUIPA,PERENNIAL,NON_AGRICULTURE,2
AREQUIPA,PERENNIAL,OTHER,9
AREQUIPA,PERENNIAL,PERENNIAL,16
AREQUIPA,PERENNIAL,UNSURE,7
AREQUIPA,PERENNIAL,WOODY_NON_CROP,2
AYACUCHO,ANNUAL,ANNUAL,4
AYACUCHO,ANNUAL,NON_AGRICULTURE,1
AYACUCHO,ANNUAL,OTHER,13
AYACUCHO,ANNUAL,UNSURE,2
AYACUCHO,PASTURE_FALLOW,ANNUAL,2
AYACUCHO,PASTURE_FALLOW,NON_AGRICULTURE,1
AYACUCHO,PASTURE_FALLOW,OTHER,14
AYACUCHO,PASTURE_FALLOW,UNSURE,3
AYACUCHO,PERENNIAL,OTHER,12
AYACUCHO,PERENNIAL,PERENNIAL,1
AYACUCHO,PERENNIAL,UNSURE,4
AYACUCHO,PERENNIAL,WOODY_NON_CROP,24
CAJAMARCA,ANNUAL,ANNUAL,2
CAJAMARCA,ANNUAL,OTHER,15
CAJAMARCA,ANNUAL,UNSURE,2
CAJAMARCA,ANNUAL,WOODY_NON_CROP,2
CAJAMARCA,PASTURE_FALLOW,OTHER,21
CAJAMARCA,PASTURE_FALLOW,WOODY_NON_CROP,1
CAJAMARCA,PERENNIAL,NON_AGRICULTURE,1
CAJAMARCA,PERENNIAL,OTHER,18
CAJAMARCA,PERENNIAL,UNSURE,4
CAJAMARCA,PERENNIAL,WOODY_NON_CROP,21
HUANCAVELICA,ANNUAL,OTHER,15
HUANCAVELICA,ANNUAL,UNSURE,1
HUANCAVELICA,PASTURE_FALLOW,ANNUAL,1
HUANCAVELICA,PASTURE_FALLOW,OTHER,8
HUANCAVELICA,PASTURE_FALLOW,UNSURE,1
HUANCAVELICA,PERENNIAL,ANNUAL,1
HUANCAVELICA,PERENNIAL,OTHER,23
HUANCAVELICA,PERENNIAL,PERENNIAL,2
HUANCAVELICA,PERENNIAL,UNSURE,3
HUANCAVELICA,PERENNIAL,WOODY_NON_CROP,3
ICA,ANNUAL,ANNUAL,6
ICA,ANNUAL,NON_AGRICULTURE,3
ICA,ANNUAL,OTHER,3
ICA,ANNUAL,PERENNIAL,4
ICA,ANNUAL,UNSURE,4
ICA,PASTURE_FALLOW,ANNUAL,1
ICA,PASTURE_FALLOW,NON_AGRICULTURE,7
ICA,PASTURE_FALLOW,OTHER,3
ICA,PASTURE_FALLOW,PERENNIAL,1
ICA,PASTURE_FALLOW,UNSURE,5
ICA,PERENNIAL,ANNUAL,6
ICA,PERENNIAL,NON_AGRICULTURE,2
ICA,PERENNIAL,OTHER,4
ICA,PERENNIAL,PERENNIAL,6
ICA,PERENNIAL,UNSURE,13
ICA,PERENNIAL,WOODY_NON_CROP,4
LAMBAYEQUE,ANNUAL,ANNUAL,6
LAMBAYEQUE,ANNUAL,NON_AGRICULTURE,2
LAMBAYEQUE,ANNUAL,OTHER,4
LAMBAYEQUE,ANNUAL,UNSURE,1
LAMBAYEQUE,ANNUAL,WOODY_NON_CROP,2
LAMBAYEQUE,PASTURE_FALLOW,ANNUAL,5
LAMBAYEQUE,PASTURE_FALLOW,NON_AGRICULTURE,3
LAMBAYEQUE,PASTURE_FALLOW,OTHER,6
LAMBAYEQUE,PASTURE_FALLOW,UNSURE,1
LAMBAYEQUE,PASTURE_FALLOW,WOODY_NON_CROP,1
LAMBAYEQUE,PERENNIAL,ANNUAL,4
LAMBAYEQUE,PERENNIAL,NON_AGRICULTURE,1
LAMBAYEQUE,PERENNIAL,OTHER,8
LAMBAYEQUE,PERENNIAL,PERENNIAL,11
LAMBAYEQUE,PERENNIAL,UNSURE,6
LAMBAYEQUE,PERENNIAL,WOODY_NON_CROP,6
LA_LIBERTAD,ANNUAL,NON_AGRICULTURE,1
LA_LIBERTAD,ANNUAL,OTHER,16
LA_LIBERTAD,ANNUAL,WOODY_NON_CROP,2
LA_LIBERTAD,PASTURE_FALLOW,ANNUAL,2
LA_LIBERTAD,PASTURE_FALLOW,NON_AGRICULTURE,1
LA_LIBERTAD,PASTURE_FALLOW,OTHER,16
LA_LIBERTAD,PASTURE_FALLOW,UNSURE,2
LA_LIBERTAD,PERENNIAL,ANNUAL,2
LA_LIBERTAD,PERENNIAL,NON_AGRICULTURE,1
LA_LIBERTAD,PERENNIAL,OTHER,24
LA_LIBERTAD,PERENNIAL,PERENNIAL,1
LA_LIBERTAD,PERENNIAL,UNSURE,6
LA_LIBERTAD,PERENNIAL,WOODY_NON_CROP,7
LIMA,ANNUAL,ANNUAL,13
LIMA,ANNUAL,NON_AGRICULTURE,1
LIMA,ANNUAL,OTHER,2
LIMA,ANNUAL,PERENNIAL,2
LIMA,ANNUAL,WOODY_NON_CROP,1
LIMA,PASTURE_FALLOW,ANNUAL,4
LIMA,PASTURE_FALLOW,NON_AGRICULTURE,1
LIMA,PASTURE_FALLOW,OTHER,14
LIMA,PERENNIAL,ANNUAL,6
LIMA,PERENNIAL,NON_AGRICULTURE,4
LIMA,PERENNIAL,OTHER,5
LIMA,PERENNIAL,PERENNIAL,10
LIMA,PERENNIAL,UNSURE,10
LIMA,PERENNIAL,WOODY_NON_CROP,2
MOQUEGUA,ANNUAL,ANNUAL,3
MOQUEGUA,ANNUAL,NON_AGRICULTURE,1
MOQUEGUA,ANNUAL,OTHER,9
MOQUEGUA,ANNUAL,UNSURE,4
MOQUEGUA,PASTURE_FALLOW,ANNUAL,2
MOQUEGUA,PASTURE_FALLOW,NON_AGRICULTURE,1
MOQUEGUA,PASTURE_FALLOW,OTHER,10
MOQUEGUA,PASTURE_FALLOW,UNSURE,3
MOQUEGUA,PASTURE_FALLOW,WOODY_NON_CROP,1
MOQUEGUA,PERENNIAL,ANNUAL,2
MOQUEGUA,PERENNIAL,NON_AGRICULTURE,2
MOQUEGUA,PERENNIAL,OTHER,11
MOQUEGUA,PERENNIAL,UNSURE,11
MOQUEGUA,PERENNIAL,WOODY_NON_CROP,6
PASCO,ANNUAL,NON_AGRICULTURE,1
PASCO,ANNUAL,OTHER,3
PASCO,ANNUAL,UNSURE,1
PASCO,ANNUAL,WOODY_NON_CROP,11
PASCO,PASTURE_FALLOW,NON_AGRICULTURE,1
PASCO,PASTURE_FALLOW,OTHER,3
PASCO,PASTURE_FALLOW,WOODY_NON_CROP,6
PASCO,PERENNIAL,OTHER,8
PASCO,PERENNIAL,PERENNIAL,1
PASCO,PERENNIAL,UNSURE,1
PASCO,PERENNIAL,WOODY_NON_CROP,24
PIURA,ANNUAL,ANNUAL,13
PIURA,ANNUAL,OTHER,1
PIURA,ANNUAL,PERENNIAL,1
PIURA,ANNUAL,UNSURE,2
PIURA,PASTURE_FALLOW,ANNUAL,10
PIURA,PASTURE_FALLOW,NON_AGRICULTURE,1
PIURA,PASTURE_FALLOW,OTHER,5
PIURA,PASTURE_FALLOW,UNSURE,4
PIURA,PERENNIAL,ANNUAL,4
PIURA,PERENNIAL,OTHER,8
PIURA,PERENNIAL,PERENNIAL,12
PIURA,PERENNIAL,UNSURE,4
PIURA,PERENNIAL,WOODY_NON_CROP,10
TACNA,ANNUAL,ANNUAL,2
TACNA,ANNUAL,NON_AGRICULTURE,3
TACNA,ANNUAL,OTHER,9
TACNA,ANNUAL,PERENNIAL,2
TACNA,PASTURE_FALLOW,ANNUAL,2
TACNA,PASTURE_FALLOW,NON_AGRICULTURE,1
TACNA,PASTURE_FALLOW,OTHER,8
TACNA,PASTURE_FALLOW,UNSURE,2
TACNA,PASTURE_FALLOW,WOODY_NON_CROP,2
TACNA,PERENNIAL,ANNUAL,1
TACNA,PERENNIAL,NON_AGRICULTURE,3
TACNA,PERENNIAL,OTHER,7
TACNA,PERENNIAL,PERENNIAL,20
TACNA,PERENNIAL,UNSURE,2
TUMBES,ANNUAL,ANNUAL,8
TUMBES,ANNUAL,OTHER,1
TUMBES,ANNUAL,UNSURE,1
TUMBES,ANNUAL,WOODY_NON_CROP,2
TUMBES,PASTURE_FALLOW,ANNUAL,1
TUMBES,PASTURE_FALLOW,NON_AGRICULTURE,3
TUMBES,PASTURE_FALLOW,OTHER,6
TUMBES,PASTURE_FALLOW,PERENNIAL,1
TUMBES,PASTURE_FALLOW,UNSURE,4
TUMBES,PASTURE_FALLOW,WOODY_NON_CROP,2
TUMBES,PERENNIAL,ANNUAL,2
TUMBES,PERENNIAL,OTHER,3
TUMBES,PERENNIAL,PERENNIAL,10
TUMBES,PERENNIAL,UNSURE,4
TUMBES,PERENNIAL,WOODY_NON_CROP,13
