window,treat,p_mean,share_thresholded_weighted,n
P1,0.0,0.06957831725955815,0.0264791363058716,7929.0
P1,1.0,0.06380017158254378,0.02366318377381684,6508.0
P2,0.0,0.07472777438765306,0.021166125327401926,7785.0
P2,1.0,0.06454723752207732,0.02228757158334623,6461.0
W14,0.0,0.08117841883869789,0.026337333797316096,7899.0
W14,1.0,0.0673405330226352,0.017549261083743842,6496.0
W19,0.0,0.16377935430269425,0.0737171111870108,7816.0
W19,1.0,0.1262830550651806,0.054,6500.0
W99,0.0,0.07322146343941456,0.019530504142456544,7878.0
W99,1.0,0.06471426598535164,0.018751921303412234,6506.0
