year,gate_pass,median_obs,mean_obs,median_max_gap
1999,0.5,3.5,3.7466666666666666,6.0
2000,0.97,4.0,5.18,4.0
2001,1.0,7.0,7.133333333333334,2.0
2002,0.9266666666666666,5.0,5.883333333333334,4.0
2003,0.9833333333333333,5.0,5.723333333333334,5.0
2004,0.9,5.0,5.753333333333333,3.0
2005,0.9966666666666667,8.0,8.123333333333333,3.0
2006,1.0,8.0,8.313333333333333,2.0
2007,0.9633333333333334,6.0,6.706666666666667,3.0
2008,0.8366666666666667,5.0,4.866666666666666,5.0
2009,0.47,3.0,4.24,5.0
2010,0.97,7.0,6.72,4.0
2011,0.37333333333333335,2.0,3.763333333333333,6.0
2012,0.8033333333333333,5.0,5.573333333333333,4.0
2013,0.9733333333333334,7.0,7.42,3.0
2014,0.99,8.0,8.383333333333333,2.0
2015,0.8833333333333333,5.0,5.74,4.0
2016,0.9933333333333333,10.0,10.203333333333333,2.0
2017,0.8566666666666667,5.0,5.316666666666666,3.0
2018,0.98,8.0,8.42,3.0
2019,1.0,9.0,9.346666666666666,2.0
2020,0.9633333333333334,10.0,10.263333333333334,2.0
2021,0.99,9.0,8.813333333333333,3.0
2022,0.9666666666666667,7.0,8.106666666666667,3.0
2023,0.9133333333333333,6.0,5.913333333333333,3.0
2024,0.0,0.0,0.07,12.0
2025,0.0,0.0,0.0,12.0
